{"lib/icons/.DS_Store":["lib/icons/.DS_Store"],"lib/icons/OB1.jpg":["lib/icons/OB1.jpg"],"lib/icons/OB2.jpg":["lib/icons/OB2.jpg"],"lib/icons/OB3.jpg":["lib/icons/OB3.jpg"],"lib/icons/apple.png":["lib/icons/apple.png"],"lib/icons/av1.json":["lib/icons/av1.json"],"lib/icons/av2.json":["lib/icons/av2.json"],"lib/icons/av3.json":["lib/icons/av3.json"],"lib/icons/diet.png":["lib/icons/diet.png"],"lib/icons/female.json":["lib/icons/female.json"],"lib/icons/first-aid-kit.png":["lib/icons/first-aid-kit.png"],"lib/icons/gift.png":["lib/icons/gift.png"],"lib/icons/girl.png":["lib/icons/girl.png"],"lib/icons/google.png":["lib/icons/google.png"],"lib/icons/guy.png":["lib/icons/guy.png"],"lib/icons/hemoglobin.png":["lib/icons/hemoglobin.png"],"lib/icons/login.json":["lib/icons/login.json"],"lib/icons/male.json":["lib/icons/male.json"],"lib/icons/mental-health.png":["lib/icons/mental-health.png"],"lib/icons/pill.json":["lib/icons/pill.json"],"packages/cupertino_icons/assets/CupertinoIcons.ttf":["packages/cupertino_icons/assets/CupertinoIcons.ttf"],"packages/eva_icons_flutter/lib/fonts/Eva-Icons.ttf":["packages/eva_icons_flutter/lib/fonts/Eva-Icons.ttf"],"packages/unicons/icons/UniconsLine.ttf":["packages/unicons/icons/UniconsLine.ttf"],"packages/unicons/icons/UniconsSolid.ttf":["packages/unicons/icons/UniconsSolid.ttf"],"packages/unicons/icons/UniconsThinline.ttf":["packages/unicons/icons/UniconsThinline.ttf"]}