[{"family":"MaterialIcons","fonts":[{"asset":"fonts/MaterialIcons-Regular.otf"}]},{"family":"packages/cupertino_icons/CupertinoIcons","fonts":[{"asset":"packages/cupertino_icons/assets/CupertinoIcons.ttf"}]},{"family":"packages/eva_icons_flutter/EvaIcons","fonts":[{"asset":"packages/eva_icons_flutter/lib/fonts/Eva-Icons.ttf"}]},{"family":"packages/unicons/UniconsLine","fonts":[{"asset":"packages/unicons/icons/UniconsLine.ttf"}]},{"family":"packages/unicons/UniconsSolid","fonts":[{"asset":"packages/unicons/icons/UniconsSolid.ttf"}]},{"family":"packages/unicons/UniconsThinline","fonts":[{"asset":"packages/unicons/icons/UniconsThinline.ttf"}]}]