{"v":"4.8.0","meta":{"g":"LottieFiles AE ","a":"","k":"","d":"","tc":""},"fr":30,"ip":0,"op":120,"w":800,"h":600,"nm":"Woman 05","ddd":0,"assets":[],"layers":[{"ddd":0,"ind":1,"ty":4,"nm":"Hair Front","parent":6,"sr":1,"ks":{"o":{"a":0,"k":100,"ix":11},"r":{"a":1,"k":[{"i":{"x":[0.667],"y":[1]},"o":{"x":[0.333],"y":[0]},"t":91,"s":[0]},{"i":{"x":[0.667],"y":[1]},"o":{"x":[0.333],"y":[0]},"t":94.455,"s":[-2]},{"i":{"x":[0.667],"y":[1]},"o":{"x":[0.333],"y":[0]},"t":99.636,"s":[1]},{"i":{"x":[0.667],"y":[1]},"o":{"x":[0.333],"y":[0]},"t":104.818,"s":[-1]},{"t":110,"s":[0]}],"ix":10},"p":{"a":0,"k":[-1.63,-118.359,0],"ix":2},"a":{"a":0,"k":[398.628,83.765,0],"ix":1},"s":{"a":0,"k":[100,100,100],"ix":6}},"ao":0,"shapes":[{"ty":"gr","it":[{"ind":0,"ty":"sh","ix":1,"ks":{"a":0,"k":{"i":[[11.063,34.77],[22.126,-26.867],[20.546,-26.077],[-25.287,-24.497],[-30.818,-60.847],[-5.531,48.203],[0,0],[5.532,40.301],[-17.385,14.224]],"o":[[0,0],[-22.126,26.868],[-20.546,26.077],[25.287,24.497],[30.818,60.847],[5.532,-48.203],[0,0],[-5.531,-40.301],[17.385,-14.224]],"v":[[61.686,-151.678],[10.322,-148.517],[-26.818,-53.691],[-18.916,19.799],[-59.217,128.059],[55.934,108.424],[57.604,48.459],[18.224,-15.76],[39.56,-90.041]],"c":true},"ix":2},"nm":"Path 1","mn":"ADBE Vector Shape - Group","hd":false},{"ty":"fl","c":{"a":0,"k":[0.6078431372549019,0.6078431372549019,0.6078431372549019,1],"ix":4},"o":{"a":0,"k":100,"ix":5},"r":1,"bm":0,"nm":"Fill 1","mn":"ADBE Vector Graphic - Fill","hd":false},{"ty":"tr","p":{"a":0,"k":[308.225,254.745],"ix":2},"a":{"a":0,"k":[0,0],"ix":1},"s":{"a":0,"k":[100,100],"ix":3},"r":{"a":0,"k":0,"ix":6},"o":{"a":0,"k":100,"ix":7},"sk":{"a":0,"k":0,"ix":4},"sa":{"a":0,"k":0,"ix":5},"nm":"Transform"}],"nm":"Group 1","np":2,"cix":2,"bm":0,"ix":1,"mn":"ADBE Vector Group","hd":false},{"ty":"gr","it":[{"ind":0,"ty":"sh","ix":1,"ks":{"a":0,"k":{"i":[[10.668,-59.266],[-60.847,-11.853],[0,0],[-60.452,2.371],[7.902,-23.707],[8.297,30.818],[30.818,45.438]],"o":[[0,0],[0,0],[0,0],[0,0],[0,0],[-8.297,-30.818],[-27.182,-40.076]],"v":[[-74.237,-33.974],[-5.883,39.121],[-20.897,1.586],[44.691,44.653],[58.915,78.632],[72.348,29.639],[52.593,-48.593]],"c":true},"ix":2},"nm":"Path 1","mn":"ADBE Vector Shape - Group","hd":false},{"ty":"fl","c":{"a":0,"k":[0.6078431372549019,0.6078431372549019,0.6078431372549019,1],"ix":4},"o":{"a":0,"k":100,"ix":5},"r":1,"bm":0,"nm":"Fill 1","mn":"ADBE Vector Graphic - Fill","hd":false},{"ty":"tr","p":{"a":0,"k":[424.158,150.08],"ix":2},"a":{"a":0,"k":[0,0],"ix":1},"s":{"a":0,"k":[100,100],"ix":3},"r":{"a":0,"k":0,"ix":6},"o":{"a":0,"k":100,"ix":7},"sk":{"a":0,"k":0,"ix":4},"sa":{"a":0,"k":0,"ix":5},"nm":"Transform"}],"nm":"Group 2","np":2,"cix":2,"bm":0,"ix":2,"mn":"ADBE Vector Group","hd":false}],"ip":0,"op":180,"st":0,"bm":0},{"ddd":0,"ind":2,"ty":4,"nm":"Brown Eyes","parent":6,"sr":1,"ks":{"o":{"a":0,"k":100,"ix":11},"r":{"a":0,"k":0,"ix":10},"p":{"a":0,"k":[-1.076,-13.462,0],"ix":2},"a":{"a":0,"k":[398.653,188.02,0],"ix":1},"s":{"a":0,"k":[100,100,100],"ix":6}},"ao":0,"shapes":[{"ty":"gr","it":[{"ind":0,"ty":"sh","ix":1,"ks":{"a":0,"k":{"i":[[2.554,0],[0,0],[0,2.554],[0,0],[-2.554,0],[0,0],[0,-2.554],[0,0]],"o":[[0,0],[-2.554,0],[0,0],[0,-2.554],[0,0],[2.554,0],[0,0],[0,2.554]],"v":[[8.357,4.624],[-8.357,4.624],[-12.98,0],[-12.98,0],[-8.357,-4.624],[8.357,-4.624],[12.98,0],[12.98,0]],"c":true},"ix":2},"nm":"Path 1","mn":"ADBE Vector Shape - Group","hd":false},{"ty":"fl","c":{"a":0,"k":[0.258823543787,0.172549024224,0.003921568859,1],"ix":4},"o":{"a":0,"k":100,"ix":5},"r":1,"bm":0,"nm":"Fill 1","mn":"ADBE Vector Graphic - Fill","hd":false},{"ty":"tr","p":{"a":0,"k":[433.901,188.02],"ix":2},"a":{"a":0,"k":[0,0],"ix":1},"s":{"a":0,"k":[100,100],"ix":3},"r":{"a":0,"k":0,"ix":6},"o":{"a":0,"k":100,"ix":7},"sk":{"a":0,"k":0,"ix":4},"sa":{"a":0,"k":0,"ix":5},"nm":"Transform"}],"nm":"Group 1","np":2,"cix":2,"bm":0,"ix":1,"mn":"ADBE Vector Group","hd":false},{"ty":"gr","it":[{"ind":0,"ty":"sh","ix":1,"ks":{"a":0,"k":{"i":[[2.554,0],[0,0],[0,2.554],[0,0],[-2.554,0],[0,0],[0,-2.554],[0,0]],"o":[[0,0],[-2.554,0],[0,0],[0,-2.554],[0,0],[2.554,0],[0,0],[0,2.554]],"v":[[8.357,4.624],[-8.357,4.624],[-12.98,0],[-12.98,0],[-8.357,-4.624],[8.357,-4.624],[12.98,0],[12.98,0]],"c":true},"ix":2},"nm":"Path 1","mn":"ADBE Vector Shape - Group","hd":false},{"ty":"fl","c":{"a":0,"k":[0.258823543787,0.172549024224,0.003921568859,1],"ix":4},"o":{"a":0,"k":100,"ix":5},"r":1,"bm":0,"nm":"Fill 1","mn":"ADBE Vector Graphic - Fill","hd":false},{"ty":"tr","p":{"a":0,"k":[363.406,188.02],"ix":2},"a":{"a":0,"k":[0,0],"ix":1},"s":{"a":0,"k":[100,100],"ix":3},"r":{"a":0,"k":0,"ix":6},"o":{"a":0,"k":100,"ix":7},"sk":{"a":0,"k":0,"ix":4},"sa":{"a":0,"k":0,"ix":5},"nm":"Transform"}],"nm":"Group 2","np":2,"cix":2,"bm":0,"ix":2,"mn":"ADBE Vector Group","hd":false}],"ip":0,"op":180,"st":0,"bm":0},{"ddd":0,"ind":3,"ty":4,"nm":"Eyes","parent":6,"sr":1,"ks":{"o":{"a":0,"k":100,"ix":11},"r":{"a":0,"k":0,"ix":10},"p":{"a":0,"k":[-0.746,13.288,0],"ix":2},"a":{"a":0,"k":[398.984,214.771,0],"ix":1},"s":{"a":1,"k":[{"i":{"x":[0.667,0.667,0.667],"y":[1,1,1]},"o":{"x":[0.333,0.333,0.333],"y":[0,0,0]},"t":12,"s":[100,100,100]},{"i":{"x":[0.667,0.667,0.667],"y":[1,1,1]},"o":{"x":[0.333,0.333,0.333],"y":[0,0,0]},"t":15.5,"s":[100,10,100]},{"t":19,"s":[100,100,100]}],"ix":6}},"ao":0,"shapes":[{"ty":"gr","it":[{"ind":0,"ty":"sh","ix":1,"ks":{"a":1,"k":[{"i":{"x":0.667,"y":1},"o":{"x":0.333,"y":0},"t":46,"s":[{"i":[[5.377,0],[0,0],[0,5.377],[0,0],[-5.377,0],[0,0],[0,-5.377],[0,0]],"o":[[0,0],[-5.377,0],[0,0],[0,-5.377],[0,0],[5.377,0],[0,0],[0,5.377]],"v":[[0,9.735],[0,9.735],[-9.735,0],[-9.735,0],[0,-9.735],[0,-9.735],[9.735,0],[9.735,0]],"c":true}]},{"i":{"x":0.667,"y":1},"o":{"x":0.333,"y":0},"t":51,"s":[{"i":[[5.377,0],[0,0],[0,5.377],[0,0],[-5.377,0],[0,0],[0,-5.377],[0,0]],"o":[[0,0],[-5.377,0],[0,0],[0,-5.377],[0,0],[5.377,0],[0,0],[0,5.377]],"v":[[0,1.735],[0,1.735],[-9.735,0],[-9.735,0],[0,-9.735],[0,-9.735],[9.735,0],[9.735,0]],"c":true}]},{"i":{"x":0.667,"y":1},"o":{"x":0.333,"y":0},"t":80,"s":[{"i":[[5.377,0],[0,0],[0,5.377],[0,0],[-5.377,0],[0,0],[0,-5.377],[0,0]],"o":[[0,0],[-5.377,0],[0,0],[0,-5.377],[0,0],[5.377,0],[0,0],[0,5.377]],"v":[[0,1.735],[0,1.735],[-9.735,0],[-9.735,0],[0,-9.735],[0,-9.735],[9.735,0],[9.735,0]],"c":true}]},{"t":85,"s":[{"i":[[5.377,0],[0,0],[0,5.377],[0,0],[-5.377,0],[0,0],[0,-5.377],[0,0]],"o":[[0,0],[-5.377,0],[0,0],[0,-5.377],[0,0],[5.377,0],[0,0],[0,5.377]],"v":[[0,9.735],[0,9.735],[-9.735,0],[-9.735,0],[0,-9.735],[0,-9.735],[9.735,0],[9.735,0]],"c":true}]}],"ix":2},"nm":"Path 1","mn":"ADBE Vector Shape - Group","hd":false},{"ty":"fl","c":{"a":0,"k":[0.26666666666666666,0.16470588235294117,0.07450980392156863,1],"ix":4},"o":{"a":0,"k":100,"ix":5},"r":1,"bm":0,"nm":"Fill 1","mn":"ADBE Vector Graphic - Fill","hd":false},{"ty":"tr","p":{"a":0,"k":[433.901,214.771],"ix":2},"a":{"a":0,"k":[0,0],"ix":1},"s":{"a":0,"k":[100,100],"ix":3},"r":{"a":0,"k":0,"ix":6},"o":{"a":0,"k":100,"ix":7},"sk":{"a":0,"k":0,"ix":4},"sa":{"a":0,"k":0,"ix":5},"nm":"Transform"}],"nm":"Group 1","np":2,"cix":2,"bm":0,"ix":1,"mn":"ADBE Vector Group","hd":false},{"ty":"gr","it":[{"ind":0,"ty":"sh","ix":1,"ks":{"a":1,"k":[{"i":{"x":0.667,"y":1},"o":{"x":0.333,"y":0},"t":46,"s":[{"i":[[5.377,0],[0,0],[0,5.377],[0,0],[-5.377,0],[0,0],[0,-5.377],[0,0]],"o":[[0,0],[-5.377,0],[0,0],[0,-5.377],[0,0],[5.377,0],[0,0],[0,5.377]],"v":[[0,9.735],[0,9.735],[-9.735,0],[-9.735,0],[0,-9.735],[0,-9.735],[9.735,0],[9.735,0]],"c":true}]},{"i":{"x":0.667,"y":1},"o":{"x":0.333,"y":0},"t":51,"s":[{"i":[[5.377,0],[0,0],[0,5.377],[0,0],[-5.377,0],[0,0],[0,-5.377],[0,0]],"o":[[0,0],[-5.377,0],[0,0],[0,-5.377],[0,0],[5.377,0],[0,0],[0,5.377]],"v":[[0,1.735],[0,1.735],[-9.735,0],[-9.735,0],[0,-9.735],[0,-9.735],[9.735,0],[9.735,0]],"c":true}]},{"i":{"x":0.667,"y":1},"o":{"x":0.333,"y":0},"t":80,"s":[{"i":[[5.377,0],[0,0],[0,5.377],[0,0],[-5.377,0],[0,0],[0,-5.377],[0,0]],"o":[[0,0],[-5.377,0],[0,0],[0,-5.377],[0,0],[5.377,0],[0,0],[0,5.377]],"v":[[0,1.735],[0,1.735],[-9.735,0],[-9.735,0],[0,-9.735],[0,-9.735],[9.735,0],[9.735,0]],"c":true}]},{"t":85,"s":[{"i":[[5.377,0],[0,0],[0,5.377],[0,0],[-5.377,0],[0,0],[0,-5.377],[0,0]],"o":[[0,0],[-5.377,0],[0,0],[0,-5.377],[0,0],[5.377,0],[0,0],[0,5.377]],"v":[[0,9.735],[0,9.735],[-9.735,0],[-9.735,0],[0,-9.735],[0,-9.735],[9.735,0],[9.735,0]],"c":true}]}],"ix":2},"nm":"Path 1","mn":"ADBE Vector Shape - Group","hd":false},{"ty":"fl","c":{"a":0,"k":[0.26666666666666666,0.16470588235294117,0.07450980392156863,1],"ix":4},"o":{"a":0,"k":100,"ix":5},"r":1,"bm":0,"nm":"Fill 1","mn":"ADBE Vector Graphic - Fill","hd":false},{"ty":"tr","p":{"a":0,"k":[364.066,214.771],"ix":2},"a":{"a":0,"k":[0,0],"ix":1},"s":{"a":0,"k":[100,100],"ix":3},"r":{"a":0,"k":0,"ix":6},"o":{"a":0,"k":100,"ix":7},"sk":{"a":0,"k":0,"ix":4},"sa":{"a":0,"k":0,"ix":5},"nm":"Transform"}],"nm":"Group 2","np":2,"cix":2,"bm":0,"ix":2,"mn":"ADBE Vector Group","hd":false}],"ip":0,"op":180,"st":0,"bm":0},{"ddd":0,"ind":4,"ty":4,"nm":"Nose","parent":6,"sr":1,"ks":{"o":{"a":0,"k":100,"ix":11},"r":{"a":0,"k":0,"ix":10},"p":{"a":0,"k":[0,25.225,0],"ix":2},"a":{"a":0,"k":[0,0,0],"ix":1},"s":{"a":0,"k":[100,100,100],"ix":6}},"ao":0,"shapes":[{"ty":"gr","it":[{"ind":0,"ty":"sh","ix":1,"ks":{"a":0,"k":{"i":[[5.311,0],[0,0],[-0.512,5.286],[0,0],[-3.68,0],[0,0],[-0.355,-3.663],[0,0]],"o":[[0,0],[-5.311,0],[0,0],[0.355,-3.663],[0,0],[3.68,0],[0,0],[0.512,5.286]],"v":[[0,17.67],[0,17.67],[-8.954,7.808],[-7.113,-11.212],[0,-17.67],[0,-17.67],[7.113,-11.212],[8.954,7.808]],"c":true},"ix":2},"nm":"Path 1","mn":"ADBE Vector Shape - Group","hd":false},{"ty":"fl","c":{"a":0,"k":[0.956862747669,0.780392169952,0.65098041296,1],"ix":4},"o":{"a":0,"k":100,"ix":5},"r":1,"bm":0,"nm":"Fill 1","mn":"ADBE Vector Graphic - Fill","hd":false},{"ty":"tr","p":{"a":0,"k":[0,0],"ix":2},"a":{"a":0,"k":[0,0],"ix":1},"s":{"a":0,"k":[100,100],"ix":3},"r":{"a":0,"k":0,"ix":6},"o":{"a":0,"k":100,"ix":7},"sk":{"a":0,"k":0,"ix":4},"sa":{"a":0,"k":0,"ix":5},"nm":"Transform"}],"nm":"Group 1","np":2,"cix":2,"bm":0,"ix":1,"mn":"ADBE Vector Group","hd":false}],"ip":0,"op":180,"st":0,"bm":0},{"ddd":0,"ind":5,"ty":4,"nm":"Mounth","parent":6,"sr":1,"ks":{"o":{"a":0,"k":100,"ix":11},"r":{"a":0,"k":0,"ix":10},"p":{"a":0,"k":[0,68.422,0],"ix":2},"a":{"a":0,"k":[0,0,0],"ix":1},"s":{"a":1,"k":[{"i":{"x":[0.667,0.667,0.667],"y":[1,1,1]},"o":{"x":[0.333,0.333,0.333],"y":[0,0,0]},"t":46,"s":[75,75,100]},{"i":{"x":[0.667,0.667,0.667],"y":[1,1,1]},"o":{"x":[0.333,0.333,0.333],"y":[0,0,0]},"t":53,"s":[100,100,100]},{"i":{"x":[0.667,0.667,0.667],"y":[1,1,1]},"o":{"x":[0.333,0.333,0.333],"y":[0,0,0]},"t":80,"s":[100,100,100]},{"t":87,"s":[75,75,100]}],"ix":6}},"ao":0,"shapes":[{"ty":"gr","it":[{"ind":0,"ty":"sh","ix":1,"ks":{"a":0,"k":{"i":[[16.465,0],[0,0],[0,16.465],[0,0]],"o":[[0,0],[-16.465,0],[0,0],[0,16.465]],"v":[[0,14.906],[0,14.906],[-29.813,-14.906],[29.813,-14.906]],"c":true},"ix":2},"nm":"Path 1","mn":"ADBE Vector Shape - Group","hd":false},{"ty":"fl","c":{"a":0,"k":[1,1,1,1],"ix":4},"o":{"a":0,"k":100,"ix":5},"r":1,"bm":0,"nm":"Fill 1","mn":"ADBE Vector Graphic - Fill","hd":false},{"ty":"tr","p":{"a":0,"k":[0,0],"ix":2},"a":{"a":0,"k":[0,0],"ix":1},"s":{"a":0,"k":[100,100],"ix":3},"r":{"a":0,"k":0,"ix":6},"o":{"a":0,"k":100,"ix":7},"sk":{"a":0,"k":0,"ix":4},"sa":{"a":0,"k":0,"ix":5},"nm":"Transform"}],"nm":"Group 1","np":2,"cix":2,"bm":0,"ix":1,"mn":"ADBE Vector Group","hd":false}],"ip":0,"op":180,"st":0,"bm":0},{"ddd":0,"ind":6,"ty":4,"nm":"Head","parent":8,"sr":1,"ks":{"o":{"a":0,"k":100,"ix":11},"r":{"a":0,"k":0,"ix":10},"p":{"a":0,"k":[399.729,201.482,0],"ix":2},"a":{"a":0,"k":[0,0,0],"ix":1},"s":{"a":0,"k":[100,100,100],"ix":6}},"ao":0,"shapes":[{"ty":"gr","it":[{"ind":0,"ty":"sh","ix":1,"ks":{"a":0,"k":{"i":[[27.052,-19.44],[0,0],[24.388,17.525],[0,0],[0,33.312],[0,0],[-46.339,0],[0,0],[0,-46.339],[0,0]],"o":[[0,0],[-24.388,17.525],[0,0],[-27.052,-19.44],[0,0],[0,-46.339],[0,0],[46.339,0],[0,0],[0,33.312]],"v":[[40.814,97.341],[40.814,97.341],[-40.814,97.341],[-40.814,97.341],[-83.904,13.315],[-83.904,-26.582],[0,-110.486],[0,-110.486],[83.904,-26.582],[83.904,13.315]],"c":true},"ix":2},"nm":"Path 1","mn":"ADBE Vector Shape - Group","hd":false},{"ty":"fl","c":{"a":0,"k":[1,0.850980401039,0.733333349228,1],"ix":4},"o":{"a":0,"k":100,"ix":5},"r":1,"bm":0,"nm":"Fill 1","mn":"ADBE Vector Graphic - Fill","hd":false},{"ty":"tr","p":{"a":0,"k":[0,0],"ix":2},"a":{"a":0,"k":[0,0],"ix":1},"s":{"a":0,"k":[100,100],"ix":3},"r":{"a":0,"k":0,"ix":6},"o":{"a":0,"k":100,"ix":7},"sk":{"a":0,"k":0,"ix":4},"sa":{"a":0,"k":0,"ix":5},"nm":"Transform"}],"nm":"Group 1","np":2,"cix":2,"bm":0,"ix":1,"mn":"ADBE Vector Group","hd":false}],"ip":0,"op":180,"st":0,"bm":0},{"ddd":0,"ind":7,"ty":4,"nm":"Ears","parent":6,"sr":1,"ks":{"o":{"a":0,"k":100,"ix":11},"r":{"a":0,"k":0,"ix":10},"p":{"a":0,"k":[84.176,25.225,0],"ix":2},"a":{"a":0,"k":[0,0,0],"ix":1},"s":{"a":0,"k":[100,100,100],"ix":6}},"ao":0,"shapes":[{"ty":"gr","it":[{"ind":0,"ty":"sh","ix":1,"ks":{"a":0,"k":{"i":[[0,-8.991],[8.991,0],[0,8.991],[-8.991,0]],"o":[[0,8.991],[-8.991,0],[0,-8.991],[8.991,0]],"v":[[16.28,0],[0,16.28],[-16.28,0],[0,-16.28]],"c":true},"ix":2},"nm":"Path 1","mn":"ADBE Vector Shape - Group","hd":false},{"ty":"fl","c":{"a":0,"k":[0.964705884457,0.78823530674,0.654901981354,1],"ix":4},"o":{"a":0,"k":100,"ix":5},"r":1,"bm":0,"nm":"Fill 1","mn":"ADBE Vector Graphic - Fill","hd":false},{"ty":"tr","p":{"a":0,"k":[0,0],"ix":2},"a":{"a":0,"k":[0,0],"ix":1},"s":{"a":0,"k":[100,100],"ix":3},"r":{"a":0,"k":0,"ix":6},"o":{"a":0,"k":100,"ix":7},"sk":{"a":0,"k":0,"ix":4},"sa":{"a":0,"k":0,"ix":5},"nm":"Transform"}],"nm":"Group 1","np":2,"cix":2,"bm":0,"ix":1,"mn":"ADBE Vector Group","hd":false}],"ip":0,"op":180,"st":0,"bm":0},{"ddd":0,"ind":8,"ty":4,"nm":"Neck","sr":1,"ks":{"o":{"a":0,"k":100,"ix":11},"r":{"a":1,"k":[{"i":{"x":[0],"y":[1]},"o":{"x":[0.305],"y":[0]},"t":49,"s":[0]},{"i":{"x":[0.667],"y":[1]},"o":{"x":[0.333],"y":[0]},"t":57,"s":[10]},{"i":{"x":[0.616],"y":[1]},"o":{"x":[0.861],"y":[0]},"t":84,"s":[10]},{"i":{"x":[0.67],"y":[1]},"o":{"x":[0.775],"y":[0]},"t":92,"s":[-3]},{"i":{"x":[0.721],"y":[1]},"o":{"x":[1],"y":[0]},"t":96,"s":[1]},{"t":99,"s":[0]}],"ix":10},"p":{"a":0,"k":[399.729,359.219,0],"ix":2},"a":{"a":0,"k":[399.729,359.219,0],"ix":1},"s":{"a":0,"k":[100,100,100],"ix":6}},"ao":0,"shapes":[{"ty":"gr","it":[{"ind":0,"ty":"sh","ix":1,"ks":{"a":1,"k":[{"i":{"x":0.667,"y":1},"o":{"x":0.333,"y":0},"t":49,"s":[{"i":[[0,-9.366],[0,0],[19.704,12.955],[0,0],[-18.718,0],[-6.13,-6.143]],"o":[[0,0],[-24.924,-1.593],[0,0],[0,-18.718],[9.365,0],[6.13,6.13]],"v":[[33.898,-29.108],[33.898,63.005],[-33.898,40.356],[-33.898,-29.108],[0,-63.005],[23.976,-53.071]],"c":true}]},{"i":{"x":0.667,"y":1},"o":{"x":0.333,"y":0},"t":55,"s":[{"i":[[0,-9.366],[0,0],[19.704,12.955],[0,0],[-18.718,0],[-6.13,-6.143]],"o":[[0,0],[-24.924,-1.592],[0,0],[0,-18.718],[9.365,0],[6.13,6.13]],"v":[[33.898,-29.108],[33.971,57.661],[-33.825,35.012],[-33.898,-29.108],[0,-63.005],[23.976,-53.071]],"c":true}]},{"i":{"x":0.667,"y":1},"o":{"x":0.333,"y":0},"t":82,"s":[{"i":[[0,-9.366],[0,0],[19.704,12.955],[0,0],[-18.718,0],[-6.13,-6.143]],"o":[[0,0],[-24.924,-1.593],[0,0],[0,-18.718],[9.365,0],[6.13,6.13]],"v":[[33.898,-29.108],[33.971,57.661],[-33.825,35.012],[-33.898,-29.108],[0,-63.005],[23.976,-53.071]],"c":true}]},{"t":92,"s":[{"i":[[0,-9.366],[0,0],[19.704,12.955],[0,0],[-18.718,0],[-6.13,-6.143]],"o":[[0,0],[-24.924,-1.593],[0,0],[0,-18.718],[9.365,0],[6.13,6.13]],"v":[[33.898,-29.108],[33.898,63.005],[-33.898,40.356],[-33.898,-29.108],[0,-63.005],[23.976,-53.071]],"c":true}]}],"ix":2},"nm":"Path 1","mn":"ADBE Vector Shape - Group","hd":false},{"ty":"fl","c":{"a":0,"k":[0.956862747669,0.780392169952,0.65098041296,1],"ix":4},"o":{"a":0,"k":100,"ix":5},"r":1,"bm":0,"nm":"Fill 1","mn":"ADBE Vector Graphic - Fill","hd":false},{"ty":"tr","p":{"a":0,"k":[399.729,268.431],"ix":2},"a":{"a":0,"k":[0,0],"ix":1},"s":{"a":0,"k":[100,100],"ix":3},"r":{"a":0,"k":0,"ix":6},"o":{"a":0,"k":100,"ix":7},"sk":{"a":0,"k":0,"ix":4},"sa":{"a":0,"k":0,"ix":5},"nm":"Transform"}],"nm":"Group 1","np":2,"cix":2,"bm":0,"ix":1,"mn":"ADBE Vector Group","hd":false},{"ty":"gr","it":[{"ind":0,"ty":"sh","ix":1,"ks":{"a":0,"k":{"i":[[18.723,0],[0,0],[0,18.723],[0,0],[-18.723,0],[0,0],[0,-18.723],[0,0]],"o":[[0,0],[-18.723,0],[0,0],[0,-18.723],[0,0],[18.723,0],[0,0],[0,18.723]],"v":[[0,90.792],[0,90.792],[-33.9,56.891],[-33.9,-56.891],[0,-90.792],[0,-90.792],[33.9,-56.891],[33.9,56.891]],"c":true},"ix":2},"nm":"Path 1","mn":"ADBE Vector Shape - Group","hd":false},{"ty":"fl","c":{"a":0,"k":[1,0.850980401039,0.733333349228,1],"ix":4},"o":{"a":0,"k":100,"ix":5},"r":1,"bm":0,"nm":"Fill 1","mn":"ADBE Vector Graphic - Fill","hd":false},{"ty":"tr","p":{"a":0,"k":[399.729,296.22],"ix":2},"a":{"a":0,"k":[0,0],"ix":1},"s":{"a":0,"k":[100,100],"ix":3},"r":{"a":0,"k":0,"ix":6},"o":{"a":0,"k":100,"ix":7},"sk":{"a":0,"k":0,"ix":4},"sa":{"a":0,"k":0,"ix":5},"nm":"Transform"}],"nm":"Group 2","np":2,"cix":2,"bm":0,"ix":2,"mn":"ADBE Vector Group","hd":false}],"ip":0,"op":180,"st":0,"bm":0},{"ddd":0,"ind":9,"ty":4,"nm":"Body","sr":1,"ks":{"o":{"a":0,"k":100,"ix":11},"r":{"a":0,"k":0,"ix":10},"p":{"a":0,"k":[400,528.55,0],"ix":2},"a":{"a":0,"k":[400,528.55,0],"ix":1},"s":{"a":1,"k":[{"i":{"x":[0.667,0.667,0.667],"y":[1,1,1]},"o":{"x":[0.333,0.333,0.333],"y":[0,0,0]},"t":45,"s":[100,100,100]},{"i":{"x":[0.667,0.667,0.667],"y":[1,1,1]},"o":{"x":[0.333,0.333,0.333],"y":[0,0,0]},"t":51,"s":[100,106,100]},{"i":{"x":[0.667,0.667,0.667],"y":[1,1,1]},"o":{"x":[0.333,0.333,0.333],"y":[0,0,0]},"t":87,"s":[100,106,100]},{"t":94,"s":[100,100,100]}],"ix":6}},"ao":0,"shapes":[{"ty":"gr","it":[{"ind":0,"ty":"sh","ix":1,"ks":{"a":0,"k":{"i":[[-2.56,-0.5],[8.98,-24.95],[7.22,-9.79],[1.23,0],[0.71,0.53],[-1.31,1.78],[-3.62,9.9],[0.01,13.78],[-0.1,-0.04]],"o":[[-0.03,14.5],[-3.91,10.89],[-0.78,1.06],[-0.82,0],[-1.78,-1.31],[6.45,-8.75],[9.1,-24.89],[0.1,0.04],[2.62,0.35]],"v":[[17.13,-48.27],[6.54,16.57],[-9.91,48.06],[-13.131,49.68],[-15.5,48.9],[-16.35,43.31],[-1.44,14.92],[9.07,-49.68],[9.36,-49.56]],"c":true},"ix":2},"nm":"Path 1","mn":"ADBE Vector Shape - Group","hd":false},{"ty":"fl","c":{"a":0,"k":[0.09019607843137255,0.20784313725490197,0.36470588235294116,1],"ix":4},"o":{"a":0,"k":100,"ix":5},"r":1,"bm":0,"nm":"Fill 1","mn":"ADBE Vector Graphic - Fill","hd":false},{"ty":"tr","p":{"a":0,"k":[442.669,398.732],"ix":2},"a":{"a":0,"k":[0,0],"ix":1},"s":{"a":0,"k":[100,100],"ix":3},"r":{"a":0,"k":0,"ix":6},"o":{"a":0,"k":100,"ix":7},"sk":{"a":0,"k":0,"ix":4},"sa":{"a":0,"k":0,"ix":5},"nm":"Transform"}],"nm":"Group 1","np":2,"cix":2,"bm":0,"ix":1,"mn":"ADBE Vector Group","hd":false},{"ty":"gr","it":[{"ty":"gr","it":[{"ty":"gr","it":[{"ind":0,"ty":"sh","ix":1,"ks":{"a":0,"k":{"i":[[0,-0.83],[0,0],[1.01,-0.62],[0,0],[-0.82,0]],"o":[[0,0],[-0.99,0.64],[0,0],[0,-0.83],[0.83,0]],"v":[[1.5,-22.885],[1.5,22.495],[-1.5,24.385],[-1.5,-22.885],[0,-24.385]],"c":true},"ix":2},"nm":"Path 1","mn":"ADBE Vector Shape - Group","hd":false},{"ty":"fl","c":{"a":0,"k":[0.458823531866,0.160784319043,0.149019613862,1],"ix":4},"o":{"a":0,"k":100,"ix":5},"r":1,"bm":0,"nm":"Fill 1","mn":"ADBE Vector Graphic - Fill","hd":false},{"ty":"tr","p":{"a":0,"k":[0,0],"ix":2},"a":{"a":0,"k":[0,0],"ix":1},"s":{"a":0,"k":[100,100],"ix":3},"r":{"a":0,"k":0,"ix":6},"o":{"a":0,"k":100,"ix":7},"sk":{"a":0,"k":0,"ix":4},"sa":{"a":0,"k":0,"ix":5},"nm":"Transform"}],"nm":"Group 1","np":2,"cix":2,"bm":0,"ix":1,"mn":"ADBE Vector Group","hd":false},{"ty":"tr","p":{"a":0,"k":[508.149,473.907],"ix":2},"a":{"a":0,"k":[0,0],"ix":1},"s":{"a":0,"k":[100,100],"ix":3},"r":{"a":0,"k":0,"ix":6},"o":{"a":0,"k":100,"ix":7},"sk":{"a":0,"k":0,"ix":4},"sa":{"a":0,"k":0,"ix":5},"nm":"Transform"}],"nm":"Group 1","np":1,"cix":2,"bm":0,"ix":1,"mn":"ADBE Vector Group","hd":false},{"ty":"gr","it":[{"ty":"gr","it":[{"ind":0,"ty":"sh","ix":1,"ks":{"a":0,"k":{"i":[[0,-0.83],[0,0],[0.99,0.65],[0,0],[-0.82,0]],"o":[[0,0],[-1.01,-0.63],[0,0],[0,-0.83],[0.83,0]],"v":[[1.5,-22.57],[1.5,24.07],[-1.5,22.15],[-1.5,-22.57],[0,-24.07]],"c":true},"ix":2},"nm":"Path 1","mn":"ADBE Vector Shape - Group","hd":false},{"ty":"fl","c":{"a":0,"k":[0.458823531866,0.160784319043,0.149019613862,1],"ix":4},"o":{"a":0,"k":100,"ix":5},"r":1,"bm":0,"nm":"Fill 1","mn":"ADBE Vector Graphic - Fill","hd":false},{"ty":"tr","p":{"a":0,"k":[0,0],"ix":2},"a":{"a":0,"k":[0,0],"ix":1},"s":{"a":0,"k":[100,100],"ix":3},"r":{"a":0,"k":0,"ix":6},"o":{"a":0,"k":100,"ix":7},"sk":{"a":0,"k":0,"ix":4},"sa":{"a":0,"k":0,"ix":5},"nm":"Transform"}],"nm":"Group 1","np":2,"cix":2,"bm":0,"ix":1,"mn":"ADBE Vector Group","hd":false},{"ty":"tr","p":{"a":0,"k":[290.829,473.592],"ix":2},"a":{"a":0,"k":[0,0],"ix":1},"s":{"a":0,"k":[100,100],"ix":3},"r":{"a":0,"k":0,"ix":6},"o":{"a":0,"k":100,"ix":7},"sk":{"a":0,"k":0,"ix":4},"sa":{"a":0,"k":0,"ix":5},"nm":"Transform"}],"nm":"Group 2","np":1,"cix":2,"bm":0,"ix":2,"mn":"ADBE Vector Group","hd":false},{"ty":"tr","p":{"a":0,"k":[290.829,473.592],"ix":2},"a":{"a":0,"k":[290.829,473.592],"ix":1},"s":{"a":0,"k":[100,100],"ix":3},"r":{"a":0,"k":0,"ix":6},"o":{"a":0,"k":100,"ix":7},"sk":{"a":0,"k":0,"ix":4},"sa":{"a":0,"k":0,"ix":5},"nm":"Transform"}],"nm":"Group 2","np":2,"cix":2,"bm":0,"ix":2,"mn":"ADBE Vector Group","hd":false},{"ty":"gr","it":[{"ind":0,"ty":"sh","ix":1,"ks":{"a":0,"k":{"i":[[-17.86,-34.8],[13.44,0],[19.63,3.82],[2.64,0.59],[29.08,27.52],[-8.23,1.12],[-8.7,1.74],[-9.2,0],[-15.96,-6.5],[-0.1,-0.04],[-2.56,-0.5]],"o":[[-12.81,1.55],[-21.34,0],[-2.68,-0.51],[-47.25,-10.49],[7.67,-2.59],[8.02,-3.29],[8.7,-1.73],[18.31,0],[0.1,0.04],[2.62,0.35],[39.52,7.83]],"v":[[113.085,38.745],[73.665,41.105],[12.035,35.245],[4.055,33.595],[-113.085,-25.295],[-89.195,-30.885],[-64.075,-38.465],[-37.175,-41.105],[14.565,-31.005],[14.855,-30.885],[22.625,-29.595]],"c":true},"ix":2},"nm":"Path 1","mn":"ADBE Vector Shape - Group","hd":false},{"ty":"fl","c":{"a":0,"k":[1,0.850980401039,0.733333349228,1],"ix":4},"o":{"a":0,"k":100,"ix":5},"r":1,"bm":0,"nm":"Fill 1","mn":"ADBE Vector Graphic - Fill","hd":false},{"ty":"tr","p":{"a":0,"k":[437.174,380.057],"ix":2},"a":{"a":0,"k":[0,0],"ix":1},"s":{"a":0,"k":[100,100],"ix":3},"r":{"a":0,"k":0,"ix":6},"o":{"a":0,"k":100,"ix":7},"sk":{"a":0,"k":0,"ix":4},"sa":{"a":0,"k":0,"ix":5},"nm":"Transform"}],"nm":"Group 3","np":2,"cix":2,"bm":0,"ix":3,"mn":"ADBE Vector Group","hd":false},{"ty":"gr","it":[{"ind":0,"ty":"sh","ix":1,"ks":{"a":1,"k":[{"i":{"x":0.667,"y":1},"o":{"x":0.333,"y":0},"t":45,"s":[{"i":[[-2.43,-10.57],[65.73,0],[37.09,48.44],[-42.48,14.29],[-8.23,1.12],[-8.7,1.74],[-9.2,0],[-16.04,-6.58],[-19.02,-37.06]],"o":[[-37.08,48.45],[-65.72,0],[10.17,-44.21],[7.67,-2.59],[8.02,-3.29],[8.7,-1.73],[18.42,0],[42.93,5.82],[4.83,9.41]],"v":[[161.24,15.11],[0,94.8],[-161.24,15.12],[-75.91,-78.99],[-52.02,-84.58],[-26.9,-92.16],[0,-94.8],[52.03,-84.58],[150.26,-14.95]],"c":true}]},{"i":{"x":0.667,"y":1},"o":{"x":0.333,"y":0},"t":51,"s":[{"i":[[-2.43,-10.57],[65.73,0],[37.09,48.44],[-42.48,14.29],[-8.23,1.12],[-8.7,1.74],[-9.2,0],[-16.04,-6.58],[-19.02,-37.06]],"o":[[-37.08,48.45],[-65.72,0],[10.17,-44.21],[7.67,-2.59],[8.02,-3.29],[8.7,-1.73],[18.42,0],[42.93,5.82],[4.83,9.41]],"v":[[161.23,18.294],[0,94.8],[-161.23,18.658],[-75.91,-78.99],[-52.02,-84.58],[-26.9,-92.16],[0,-94.8],[52.03,-84.58],[150.26,-14.95]],"c":true}]},{"i":{"x":0.667,"y":1},"o":{"x":0.333,"y":0},"t":87,"s":[{"i":[[-2.43,-10.57],[65.73,0],[37.09,48.44],[-42.48,14.29],[-8.23,1.12],[-8.7,1.74],[-9.2,0],[-16.04,-6.58],[-19.02,-37.06]],"o":[[-37.08,48.45],[-65.72,0],[10.17,-44.21],[7.67,-2.59],[8.02,-3.29],[8.7,-1.73],[18.42,0],[42.93,5.82],[4.83,9.41]],"v":[[161.23,18.294],[0,94.8],[-161.23,18.658],[-75.91,-78.99],[-52.02,-84.58],[-26.9,-92.16],[0,-94.8],[52.03,-84.58],[150.26,-14.95]],"c":true}]},{"t":94,"s":[{"i":[[-2.43,-10.57],[65.73,0],[37.09,48.44],[-42.48,14.29],[-8.23,1.12],[-8.7,1.74],[-9.2,0],[-16.04,-6.58],[-19.02,-37.06]],"o":[[-37.08,48.45],[-65.72,0],[10.17,-44.21],[7.67,-2.59],[8.02,-3.29],[8.7,-1.73],[18.42,0],[42.93,5.82],[4.83,9.41]],"v":[[161.24,15.11],[0,94.8],[-161.24,15.12],[-75.91,-78.99],[-52.02,-84.58],[-26.9,-92.16],[0,-94.8],[52.03,-84.58],[150.26,-14.95]],"c":true}]}],"ix":2},"nm":"Path 1","mn":"ADBE Vector Shape - Group","hd":false},{"ty":"fl","c":{"a":0,"k":[0.09019607843137255,0.20784313725490197,0.36470588235294116,1],"ix":4},"o":{"a":0,"k":100,"ix":5},"r":1,"bm":0,"nm":"Fill 1","mn":"ADBE Vector Graphic - Fill","hd":false},{"ty":"tr","p":{"a":0,"k":[400,433.75],"ix":2},"a":{"a":0,"k":[0,0],"ix":1},"s":{"a":0,"k":[100,100],"ix":3},"r":{"a":0,"k":0,"ix":6},"o":{"a":0,"k":100,"ix":7},"sk":{"a":0,"k":0,"ix":4},"sa":{"a":0,"k":0,"ix":5},"nm":"Transform"}],"nm":"Group 4","np":2,"cix":2,"bm":0,"ix":4,"mn":"ADBE Vector Group","hd":false}],"ip":0,"op":180,"st":0,"bm":0},{"ddd":0,"ind":10,"ty":4,"nm":"Hair Back","parent":1,"sr":1,"ks":{"o":{"a":0,"k":100,"ix":11},"r":{"a":0,"k":0,"ix":10},"p":{"a":0,"k":[462.931,176.472,0],"ix":2},"a":{"a":0,"k":[-15,-109,0],"ix":1},"s":{"a":0,"k":[100,100,100],"ix":6}},"ao":0,"shapes":[{"ty":"gr","it":[{"ind":0,"ty":"sh","ix":1,"ks":{"a":0,"k":{"i":[[0,0],[-18.965,-30.028],[-7.112,-30.028],[64.798,-68.749],[0,0],[0,0]],"o":[[0,0],[27.35,43.304],[7.112,30.028],[-42.408,44.994],[0,0],[0,0]],"v":[[16.713,-145.5],[42,-70.43],[41.21,8.592],[38.049,132.656],[-55.196,89.984],[-69.42,-24.597]],"c":true},"ix":2},"nm":"Path 1","mn":"ADBE Vector Shape - Group","hd":false},{"ty":"fl","c":{"a":0,"k":[0.6078431372549019,0.6078431372549019,0.6078431372549019,1],"ix":4},"o":{"a":0,"k":100,"ix":5},"r":1,"bm":0,"nm":"Fill 1","mn":"ADBE Vector Graphic - Fill","hd":false},{"ty":"tr","p":{"a":0,"k":[0,0],"ix":2},"a":{"a":0,"k":[0,0],"ix":1},"s":{"a":0,"k":[100,100],"ix":3},"r":{"a":0,"k":0,"ix":6},"o":{"a":0,"k":100,"ix":7},"sk":{"a":0,"k":0,"ix":4},"sa":{"a":0,"k":0,"ix":5},"nm":"Transform"}],"nm":"Group 1","np":2,"cix":2,"bm":0,"ix":1,"mn":"ADBE Vector Group","hd":false}],"ip":0,"op":180,"st":0,"bm":0},{"ddd":0,"ind":11,"ty":4,"nm":"BG","sr":1,"ks":{"o":{"a":0,"k":25,"ix":11},"r":{"a":0,"k":0,"ix":10},"p":{"a":0,"k":[399.999,325.592,0],"ix":2},"a":{"a":0,"k":[0,0,0],"ix":1},"s":{"a":0,"k":[100,100,100],"ix":6}},"ao":0,"shapes":[{"ty":"gr","it":[{"ind":0,"ty":"sh","ix":1,"ks":{"a":0,"k":{"i":[[0,-112.1],[56.13,-36.1],[1.01,-0.62],[39.12,0],[31.21,19.57],[0.99,0.65],[0,71.26],[-112.09,0]],"o":[[0,71.7],[-0.99,0.64],[-30.99,19.19],[-39.55,0],[-1.01,-0.63],[-55.56,-36.2],[0,-112.1],[112.09,0]],"v":[[202.96,0],[109.65,170.81],[106.65,172.7],[0,202.96],[-107.67,172.07],[-110.67,170.15],[-202.96,0],[0,-202.96]],"c":true},"ix":2},"nm":"Path 1","mn":"ADBE Vector Shape - Group","hd":false},{"ty":"fl","c":{"a":0,"k":[0.486274510622,0.435294121504,0.40000000596,1],"ix":4},"o":{"a":0,"k":100,"ix":5},"r":1,"bm":0,"nm":"Fill 1","mn":"ADBE Vector Graphic - Fill","hd":false},{"ty":"tr","p":{"a":0,"k":[0,0],"ix":2},"a":{"a":0,"k":[0,0],"ix":1},"s":{"a":0,"k":[100,100],"ix":3},"r":{"a":0,"k":0,"ix":6},"o":{"a":0,"k":100,"ix":7},"sk":{"a":0,"k":0,"ix":4},"sa":{"a":0,"k":0,"ix":5},"nm":"Transform"}],"nm":"Group 1","np":2,"cix":2,"bm":0,"ix":1,"mn":"ADBE Vector Group","hd":false}],"ip":0,"op":180,"st":0,"bm":0}],"markers":[]}