{"v":"5.6.6","fr":24,"ip":0,"op":53,"w":1920,"h":1920,"nm":"7","ddd":0,"assets":[],"layers":[{"ddd":0,"ind":1,"ty":4,"nm":"Layer 2 Outlines 2","sr":1,"ks":{"o":{"a":0,"k":100,"ix":11},"r":{"a":0,"k":0,"ix":10},"p":{"a":1,"k":[{"i":{"x":0.667,"y":1},"o":{"x":0.333,"y":0},"t":4,"s":[959.632,961.891,0],"to":[0,3.333,0],"ti":[0,0,0]},{"i":{"x":0.667,"y":1},"o":{"x":0.333,"y":0},"t":14,"s":[959.632,981.891,0],"to":[0,0,0],"ti":[0,3.333,0]},{"i":{"x":0.667,"y":0.667},"o":{"x":0.333,"y":0.333},"t":32,"s":[959.632,961.891,0],"to":[0,0,0],"ti":[0,0,0]},{"t":45,"s":[959.632,961.891,0]}],"ix":2},"a":{"a":0,"k":[824.122,833.04,0],"ix":1},"s":{"a":0,"k":[100,100,100],"ix":6}},"ao":0,"shapes":[{"ty":"gr","it":[{"ind":0,"ty":"sh","ix":1,"ks":{"a":0,"k":{"i":[[13.735,0],[0,0],[0,13.734],[0,0],[-13.735,0],[0,0],[0,-13.736],[0,0]],"o":[[0,0],[-13.735,0],[0,0],[0,-13.736],[0,0],[13.735,0],[0,0],[0,13.734]],"v":[[24.738,28.491],[-24.738,28.491],[-49.607,3.622],[-49.607,-3.621],[-24.738,-28.49],[24.738,-28.49],[49.607,-3.621],[49.607,3.622]],"c":true},"ix":2},"nm":"Path 1","mn":"ADBE Vector Shape - Group","hd":false},{"ty":"fl","c":{"a":0,"k":[0.945098099054,0.603921568627,0.572549019608,1],"ix":4},"o":{"a":0,"k":100,"ix":5},"r":1,"bm":0,"nm":"Fill 1","mn":"ADBE Vector Graphic - Fill","hd":false},{"ty":"tr","p":{"a":0,"k":[732.665,1098.612],"ix":2},"a":{"a":0,"k":[0,0],"ix":1},"s":{"a":0,"k":[100,100],"ix":3},"r":{"a":0,"k":0,"ix":6},"o":{"a":0,"k":100,"ix":7},"sk":{"a":0,"k":0,"ix":4},"sa":{"a":0,"k":0,"ix":5},"nm":"Transform"}],"nm":"Group 1","np":4,"cix":2,"bm":0,"ix":1,"mn":"ADBE Vector Group","hd":false},{"ty":"gr","it":[{"ind":0,"ty":"sh","ix":1,"ks":{"a":0,"k":{"i":[[13.734,0],[0,0],[0,13.734],[0,0],[-13.735,0],[0,0],[0,-13.736],[0,0]],"o":[[0,0],[-13.735,0],[0,0],[0,-13.736],[0,0],[13.734,0],[0,0],[0,13.734]],"v":[[24.736,28.491],[-24.741,28.491],[-49.61,3.622],[-49.61,-3.621],[-24.741,-28.49],[24.736,-28.49],[49.605,-3.621],[49.605,3.622]],"c":true},"ix":2},"nm":"Path 1","mn":"ADBE Vector Shape - Group","hd":false},{"ty":"fl","c":{"a":0,"k":[0.945098099054,0.603921568627,0.572549019608,1],"ix":4},"o":{"a":0,"k":100,"ix":5},"r":1,"bm":0,"nm":"Fill 1","mn":"ADBE Vector Graphic - Fill","hd":false},{"ty":"tr","p":{"a":0,"k":[998.347,1098.612],"ix":2},"a":{"a":0,"k":[0,0],"ix":1},"s":{"a":0,"k":[100,100],"ix":3},"r":{"a":0,"k":0,"ix":6},"o":{"a":0,"k":100,"ix":7},"sk":{"a":0,"k":0,"ix":4},"sa":{"a":0,"k":0,"ix":5},"nm":"Transform"}],"nm":"Group 2","np":4,"cix":2,"bm":0,"ix":2,"mn":"ADBE Vector Group","hd":false}],"ip":-6,"op":518,"st":4,"bm":0},{"ddd":0,"ind":2,"ty":4,"nm":"eye b Outlines","sr":1,"ks":{"o":{"a":0,"k":100,"ix":11},"r":{"a":0,"k":0,"ix":10},"p":{"a":1,"k":[{"i":{"x":0.667,"y":1},"o":{"x":0.333,"y":0},"t":5,"s":[998.722,1101.699,0],"to":[0,3.333,0],"ti":[0,0,0]},{"i":{"x":0.667,"y":1},"o":{"x":0.333,"y":0},"t":15,"s":[998.722,1121.699,0],"to":[0,0,0],"ti":[0,3.333,0]},{"i":{"x":0.667,"y":0.667},"o":{"x":0.333,"y":0.333},"t":33,"s":[998.722,1101.699,0],"to":[0,0,0],"ti":[0,0,0]},{"t":46,"s":[998.722,1101.699,0]}],"ix":2},"a":{"a":0,"k":[277.728,31.292,0],"ix":1},"s":{"a":0,"k":[100,100,100],"ix":6}},"ao":0,"shapes":[{"ty":"gr","it":[{"ind":0,"ty":"sh","ix":1,"ks":{"a":1,"k":[{"i":{"x":0.667,"y":1},"o":{"x":0.333,"y":0},"t":5,"s":[{"i":[[6.963,-47.533],[64.061,-20.372],[-40.386,0]],"o":[[0,0],[-64.061,20.371],[40.386,0]],"v":[[94.699,16.491],[-37.601,10.671],[0,-27.162]],"c":true}]},{"i":{"x":0.667,"y":1},"o":{"x":0.333,"y":0},"t":27,"s":[{"i":[[6.963,-47.533],[64.061,-20.372],[-40.386,0]],"o":[[0,0],[-64.061,20.371],[40.386,0]],"v":[[94.699,8.491],[-37.601,10.671],[0,-33.162]],"c":true}]},{"t":50,"s":[{"i":[[6.963,-47.533],[64.061,-20.372],[-40.386,0]],"o":[[0,0],[-64.061,20.371],[40.386,0]],"v":[[94.699,16.491],[-37.601,10.671],[0,-27.162]],"c":true}]}],"ix":2},"nm":"Path 1","mn":"ADBE Vector Shape - Group","hd":false},{"ty":"gr","it":[{"ty":"tr","p":{"a":0,"k":[0,0],"ix":2},"a":{"a":0,"k":[0,0],"ix":1},"s":{"a":0,"k":[100,100],"ix":3},"r":{"a":0,"k":0,"ix":6},"o":{"a":0,"k":100,"ix":7},"sk":{"a":0,"k":0,"ix":4},"sa":{"a":0,"k":0,"ix":5},"nm":"Transform"}],"nm":"Group 1","np":0,"cix":2,"bm":0,"ix":2,"mn":"ADBE Vector Group","hd":false},{"ty":"mm","mm":4,"nm":"Merge Paths 1","mn":"ADBE Vector Filter - Merge","hd":false},{"ty":"fl","c":{"a":0,"k":[0.749019607843,0.400000029919,0.192156877705,1],"ix":4},"o":{"a":0,"k":100,"ix":5},"r":1,"bm":0,"nm":"Fill 1","mn":"ADBE Vector Graphic - Fill","hd":false},{"ty":"tr","p":{"a":0,"k":[101.912,31.292],"ix":2},"a":{"a":0,"k":[0,0],"ix":1},"s":{"a":0,"k":[100,100],"ix":3},"r":{"a":0,"k":0,"ix":6},"o":{"a":0,"k":100,"ix":7},"sk":{"a":0,"k":0,"ix":4},"sa":{"a":0,"k":0,"ix":5},"nm":"Transform"}],"nm":"Group 1","np":4,"cix":2,"bm":0,"ix":1,"mn":"ADBE Vector Group","hd":false},{"ty":"gr","it":[{"ind":0,"ty":"sh","ix":1,"ks":{"a":1,"k":[{"i":{"x":0.667,"y":1},"o":{"x":0.333,"y":0},"t":5,"s":[{"i":[[-6.963,-47.533],[-64.062,-20.372],[40.387,0]],"o":[[0,0],[64.06,20.371],[-40.385,0]],"v":[[-94.698,16.491],[37.601,10.671],[0,-27.162]],"c":true}]},{"i":{"x":0.667,"y":1},"o":{"x":0.333,"y":0},"t":27,"s":[{"i":[[-6.963,-47.533],[-64.062,-20.372],[40.387,0]],"o":[[0,0],[64.06,20.371],[-40.385,0]],"v":[[-92.698,6.491],[37.601,10.671],[0,-33.162]],"c":true}]},{"t":50,"s":[{"i":[[-6.963,-47.533],[-64.062,-20.372],[40.387,0]],"o":[[0,0],[64.06,20.371],[-40.385,0]],"v":[[-94.698,16.491],[37.601,10.671],[0,-27.162]],"c":true}]}],"ix":2},"nm":"Path 1","mn":"ADBE Vector Shape - Group","hd":false},{"ty":"gr","it":[{"ty":"tr","p":{"a":0,"k":[0,0],"ix":2},"a":{"a":0,"k":[0,0],"ix":1},"s":{"a":0,"k":[100,100],"ix":3},"r":{"a":0,"k":0,"ix":6},"o":{"a":0,"k":100,"ix":7},"sk":{"a":0,"k":0,"ix":4},"sa":{"a":0,"k":0,"ix":5},"nm":"Transform"}],"nm":"Group 1","np":0,"cix":2,"bm":0,"ix":2,"mn":"ADBE Vector Group","hd":false},{"ty":"mm","mm":4,"nm":"Merge Paths 1","mn":"ADBE Vector Filter - Merge","hd":false},{"ty":"fl","c":{"a":0,"k":[0.749019607843,0.400000029919,0.192156877705,1],"ix":4},"o":{"a":0,"k":100,"ix":5},"r":1,"bm":0,"nm":"Fill 1","mn":"ADBE Vector Graphic - Fill","hd":false},{"ty":"tr","p":{"a":0,"k":[453.544,31.292],"ix":2},"a":{"a":0,"k":[0,0],"ix":1},"s":{"a":0,"k":[100,100],"ix":3},"r":{"a":0,"k":0,"ix":6},"o":{"a":0,"k":100,"ix":7},"sk":{"a":0,"k":0,"ix":4},"sa":{"a":0,"k":0,"ix":5},"nm":"Transform"}],"nm":"Group 2","np":4,"cix":2,"bm":0,"ix":2,"mn":"ADBE Vector Group","hd":false}],"ip":-5,"op":519,"st":5,"bm":0},{"ddd":0,"ind":3,"ty":4,"nm":"eyes Outlines","sr":1,"ks":{"o":{"a":0,"k":100,"ix":11},"r":{"a":0,"k":0,"ix":10},"p":{"a":1,"k":[{"i":{"x":0.667,"y":1},"o":{"x":0.333,"y":0},"t":8,"s":[998.722,1186.009,0],"to":[0,3.333,0],"ti":[0,0,0]},{"i":{"x":0.667,"y":1},"o":{"x":0.333,"y":0},"t":18,"s":[998.722,1206.009,0],"to":[0,0,0],"ti":[0,3.333,0]},{"i":{"x":0.667,"y":0.667},"o":{"x":0.333,"y":0.333},"t":40,"s":[998.722,1186.009,0],"to":[0,0,0],"ti":[0,0,0]},{"t":53,"s":[998.722,1186.009,0]}],"ix":2},"a":{"a":0,"k":[218.193,21.502,0],"ix":1},"s":{"a":0,"k":[100,100,100],"ix":6}},"ao":0,"shapes":[{"ty":"gr","it":[{"ind":0,"ty":"sh","ix":1,"ks":{"a":1,"k":[{"i":{"x":0.667,"y":1},"o":{"x":0.333,"y":0},"t":8,"s":[{"i":[[-3.948,-8.753],[55.537,11.625],[-30.067,6.331]],"o":[[0,0],[-43.15,-9.032],[31.004,-6.527]],"v":[[59.428,-1.082],[-16.278,9.627],[-21.737,-14.725]],"c":true}]},{"i":{"x":0.667,"y":1},"o":{"x":0.333,"y":0},"t":19,"s":[{"i":[[-3.948,-8.753],[50.071,4.364],[-30.067,6.331]],"o":[[0,0],[-43.919,-3.828],[31.004,-6.527]],"v":[[59.428,-1.082],[-14.278,-6.373],[-23.737,-16.725]],"c":true}]},{"i":{"x":0.667,"y":1},"o":{"x":0.333,"y":0},"t":40,"s":[{"i":[[-3.948,-8.753],[50.071,4.364],[-30.067,6.331]],"o":[[0,0],[-43.919,-3.828],[31.004,-6.527]],"v":[[59.428,-1.082],[-14.278,-6.373],[-23.737,-16.725]],"c":true}]},{"t":53,"s":[{"i":[[-3.948,-8.753],[55.537,11.625],[-30.067,6.331]],"o":[[0,0],[-43.15,-9.032],[31.004,-6.527]],"v":[[59.428,-1.082],[-16.278,9.627],[-21.737,-14.725]],"c":true}]}],"ix":2},"nm":"Path 1","mn":"ADBE Vector Shape - Group","hd":false},{"ty":"gr","it":[{"ty":"tr","p":{"a":0,"k":[0,0],"ix":2},"a":{"a":0,"k":[0,0],"ix":1},"s":{"a":0,"k":[100,100],"ix":3},"r":{"a":0,"k":0,"ix":6},"o":{"a":0,"k":100,"ix":7},"sk":{"a":0,"k":0,"ix":4},"sa":{"a":0,"k":0,"ix":5},"nm":"Transform"}],"nm":"Group 1","np":0,"cix":2,"bm":0,"ix":2,"mn":"ADBE Vector Group","hd":false},{"ty":"mm","mm":4,"nm":"Merge Paths 1","mn":"ADBE Vector Filter - Merge","hd":false},{"ty":"fl","c":{"a":0,"k":[0.041123708089,0.044830879511,0.05642749188,1],"ix":4},"o":{"a":0,"k":100,"ix":5},"r":1,"bm":0,"nm":"Fill 1","mn":"ADBE Vector Graphic - Fill","hd":false},{"ty":"tr","p":{"a":0,"k":[59.678,21.502],"ix":2},"a":{"a":0,"k":[0,0],"ix":1},"s":{"a":0,"k":[100,100],"ix":3},"r":{"a":0,"k":0,"ix":6},"o":{"a":0,"k":100,"ix":7},"sk":{"a":0,"k":0,"ix":4},"sa":{"a":0,"k":0,"ix":5},"nm":"Transform"}],"nm":"Group 1","np":4,"cix":2,"bm":0,"ix":1,"mn":"ADBE Vector Group","hd":false},{"ty":"gr","it":[{"ind":0,"ty":"sh","ix":1,"ks":{"a":1,"k":[{"i":{"x":0.667,"y":1},"o":{"x":0.333,"y":0},"t":8,"s":[{"i":[[3.947,-8.753],[-55.536,11.625],[29.995,6.665]],"o":[[0,0],[43.151,-9.032],[-29.372,-6.527]],"v":[[-59.428,-1.319],[16.277,9.391],[10.198,-14.489]],"c":true}]},{"i":{"x":0.667,"y":1},"o":{"x":0.333,"y":0},"t":19,"s":[{"i":[[3.947,-8.753],[-56.738,-0.444],[29.995,6.665]],"o":[[0,0],[46.485,0.364],[-29.372,-6.527]],"v":[[-59.428,-1.319],[6.277,-8.609],[16.198,-18.489]],"c":true}]},{"i":{"x":0.667,"y":1},"o":{"x":0.333,"y":0},"t":40,"s":[{"i":[[3.947,-8.753],[-56.738,-0.444],[29.995,6.665]],"o":[[0,0],[46.485,0.364],[-29.372,-6.527]],"v":[[-59.428,-1.319],[6.277,-8.609],[16.198,-18.489]],"c":true}]},{"t":53,"s":[{"i":[[3.947,-8.753],[-55.536,11.625],[29.995,6.665]],"o":[[0,0],[43.151,-9.032],[-29.372,-6.527]],"v":[[-59.428,-1.319],[16.277,9.391],[10.198,-14.489]],"c":true}]}],"ix":2},"nm":"Path 1","mn":"ADBE Vector Shape - Group","hd":false},{"ty":"gr","it":[{"ty":"tr","p":{"a":0,"k":[0,0],"ix":2},"a":{"a":0,"k":[0,0],"ix":1},"s":{"a":0,"k":[100,100],"ix":3},"r":{"a":0,"k":0,"ix":6},"o":{"a":0,"k":100,"ix":7},"sk":{"a":0,"k":0,"ix":4},"sa":{"a":0,"k":0,"ix":5},"nm":"Transform"}],"nm":"Group 1","np":0,"cix":2,"bm":0,"ix":2,"mn":"ADBE Vector Group","hd":false},{"ty":"mm","mm":4,"nm":"Merge Paths 1","mn":"ADBE Vector Filter - Merge","hd":false},{"ty":"fl","c":{"a":0,"k":[0.041123708089,0.044830879511,0.05642749188,1],"ix":4},"o":{"a":0,"k":100,"ix":5},"r":1,"bm":0,"nm":"Fill 1","mn":"ADBE Vector Graphic - Fill","hd":false},{"ty":"tr","p":{"a":0,"k":[376.708,21.739],"ix":2},"a":{"a":0,"k":[0,0],"ix":1},"s":{"a":0,"k":[100,100],"ix":3},"r":{"a":0,"k":0,"ix":6},"o":{"a":0,"k":100,"ix":7},"sk":{"a":0,"k":0,"ix":4},"sa":{"a":0,"k":0,"ix":5},"nm":"Transform"}],"nm":"Group 2","np":4,"cix":2,"bm":0,"ix":2,"mn":"ADBE Vector Group","hd":false}],"ip":-6,"op":518,"st":4,"bm":0},{"ddd":0,"ind":4,"ty":4,"nm":"mouth Outlines","sr":1,"ks":{"o":{"a":0,"k":100,"ix":11},"r":{"a":0,"k":0,"ix":10},"p":{"a":1,"k":[{"i":{"x":0.439,"y":1},"o":{"x":0.534,"y":0},"t":3,"s":[993.847,1282.445,0],"to":[0,3.333,0],"ti":[0,0,0]},{"i":{"x":0.5,"y":1},"o":{"x":0.474,"y":0},"t":13,"s":[993.847,1302.445,0],"to":[0,0,0],"ti":[0,3.333,0]},{"i":{"x":0.667,"y":0.667},"o":{"x":0.333,"y":0.333},"t":31,"s":[993.847,1282.445,0],"to":[0,0,0],"ti":[0,0,0]},{"t":44,"s":[993.847,1282.445,0]}],"ix":2},"a":{"a":0,"k":[41.204,21.308,0],"ix":1},"s":{"a":0,"k":[100,100,100],"ix":6}},"ao":0,"shapes":[{"ty":"gr","it":[{"ind":0,"ty":"sh","ix":1,"ks":{"a":1,"k":[{"i":{"x":0.667,"y":1},"o":{"x":0.333,"y":0},"t":11,"s":[{"i":[[-29.444,-12.17],[10.606,3.421],[9.303,4.576],[0,0]],"o":[[0,0],[-15.329,-4.945],[-9.303,-4.574],[0,0]],"v":[[32.877,-3.118],[13.606,11.866],[-14.23,9.657],[-32.877,-5.674]],"c":true}]},{"i":{"x":0.667,"y":1},"o":{"x":0.333,"y":0},"t":18,"s":[{"i":[[-26.437,18.402],[10.606,3.421],[9.303,4.576],[0,0]],"o":[[0,0],[-15.329,-4.945],[-9.303,-4.574],[0,0]],"v":[[41.877,-8.618],[13.606,11.866],[-14.23,9.657],[-43.877,-5.674]],"c":true}]},{"i":{"x":0.667,"y":1},"o":{"x":0.333,"y":0},"t":33,"s":[{"i":[[-26.437,18.402],[10.606,3.421],[9.303,4.576],[0,0]],"o":[[0,0],[-15.329,-4.945],[-9.303,-4.574],[0,0]],"v":[[41.877,-8.618],[13.606,11.866],[-14.23,9.657],[-43.877,-5.674]],"c":true}]},{"t":52,"s":[{"i":[[-29.444,-12.17],[10.606,3.421],[9.303,4.576],[0,0]],"o":[[0,0],[-15.329,-4.945],[-9.303,-4.574],[0,0]],"v":[[32.877,-3.118],[13.606,11.866],[-14.23,9.657],[-32.877,-5.674]],"c":true}]}],"ix":2},"nm":"Path 1","mn":"ADBE Vector Shape - Group","hd":false},{"ty":"gr","it":[{"ty":"tr","p":{"a":0,"k":[0,0],"ix":2},"a":{"a":0,"k":[0,0],"ix":1},"s":{"a":0,"k":[100,100],"ix":3},"r":{"a":0,"k":0,"ix":6},"o":{"a":0,"k":100,"ix":7},"sk":{"a":0,"k":0,"ix":4},"sa":{"a":0,"k":0,"ix":5},"nm":"Transform"}],"nm":"Group 1","np":0,"cix":2,"bm":0,"ix":2,"mn":"ADBE Vector Group","hd":false},{"ty":"mm","mm":4,"nm":"Merge Paths 1","mn":"ADBE Vector Filter - Merge","hd":false},{"ty":"fl","c":{"a":0,"k":[0.041123708089,0.044830879511,0.05642749188,1],"ix":4},"o":{"a":0,"k":100,"ix":5},"r":1,"bm":0,"nm":"Fill 1","mn":"ADBE Vector Graphic - Fill","hd":false},{"ty":"tr","p":{"a":0,"k":[42.918,27.078],"ix":2},"a":{"a":0,"k":[0,0],"ix":1},"s":{"a":0,"k":[100,100],"ix":3},"r":{"a":0,"k":0,"ix":6},"o":{"a":0,"k":100,"ix":7},"sk":{"a":0,"k":0,"ix":4},"sa":{"a":0,"k":0,"ix":5},"nm":"Transform"}],"nm":"Group 1","np":4,"cix":2,"bm":0,"ix":1,"mn":"ADBE Vector Group","hd":false},{"ty":"gr","it":[{"ind":0,"ty":"sh","ix":1,"ks":{"a":1,"k":[{"i":{"x":0.667,"y":1},"o":{"x":0.333,"y":0},"t":11,"s":[{"i":[[29.363,12.363],[-9.273,-6.182],[0,0],[-9.272,-4.636],[0,0]],"o":[[0,0],[0,0],[0,0],[9.273,4.636],[0,0]],"v":[[-40.954,3.091],[-2.318,-9.272],[6.954,-3.09],[22.408,-9.272],[40.954,6.182]],"c":true}]},{"i":{"x":0.667,"y":1},"o":{"x":0.333,"y":0},"t":18,"s":[{"i":[[40.107,3.566],[-9.273,-6.182],[0,0],[-12.255,-2.07],[0,0]],"o":[[12.607,-3.434],[0,0],[0,0],[10.222,1.726],[0,0]],"v":[[-54.454,1.591],[-2.318,-9.272],[6.954,-3.09],[24.908,-10.272],[57.954,2.182]],"c":true}]},{"i":{"x":0.667,"y":1},"o":{"x":0.333,"y":0},"t":33,"s":[{"i":[[40.107,3.566],[-9.273,-6.182],[0,0],[-12.255,-2.07],[0,0]],"o":[[12.607,-3.434],[0,0],[0,0],[10.222,1.726],[0,0]],"v":[[-54.454,1.591],[-2.318,-9.272],[6.954,-3.09],[24.908,-10.272],[57.954,2.182]],"c":true}]},{"t":52,"s":[{"i":[[29.363,12.363],[-9.273,-6.182],[0,0],[-9.272,-4.636],[0,0]],"o":[[0,0],[0,0],[0,0],[9.273,4.636],[0,0]],"v":[[-40.954,3.091],[-2.318,-9.272],[6.954,-3.09],[22.408,-9.272],[40.954,6.182]],"c":true}]}],"ix":2},"nm":"Path 1","mn":"ADBE Vector Shape - Group","hd":false},{"ty":"gr","it":[{"ty":"tr","p":{"a":0,"k":[0,0],"ix":2},"a":{"a":0,"k":[0,0],"ix":1},"s":{"a":0,"k":[100,100],"ix":3},"r":{"a":0,"k":0,"ix":6},"o":{"a":0,"k":100,"ix":7},"sk":{"a":0,"k":0,"ix":4},"sa":{"a":0,"k":0,"ix":5},"nm":"Transform"}],"nm":"Group 1","np":0,"cix":2,"bm":0,"ix":2,"mn":"ADBE Vector Group","hd":false},{"ty":"mm","mm":4,"nm":"Merge Paths 1","mn":"ADBE Vector Filter - Merge","hd":false},{"ty":"fl","c":{"a":0,"k":[0.041123708089,0.044830879511,0.05642749188,1],"ix":4},"o":{"a":0,"k":100,"ix":5},"r":1,"bm":0,"nm":"Fill 1","mn":"ADBE Vector Graphic - Fill","hd":false},{"ty":"tr","p":{"a":0,"k":[41.204,15.705],"ix":2},"a":{"a":0,"k":[0,0],"ix":1},"s":{"a":0,"k":[100,100],"ix":3},"r":{"a":0,"k":0,"ix":6},"o":{"a":0,"k":100,"ix":7},"sk":{"a":0,"k":0,"ix":4},"sa":{"a":0,"k":0,"ix":5},"nm":"Transform"}],"nm":"Group 2","np":4,"cix":2,"bm":0,"ix":2,"mn":"ADBE Vector Group","hd":false}],"ip":-7,"op":517,"st":3,"bm":0},{"ddd":0,"ind":5,"ty":4,"nm":"nose Outlines","sr":1,"ks":{"o":{"a":0,"k":100,"ix":11},"r":{"a":0,"k":0,"ix":10},"p":{"a":1,"k":[{"i":{"x":0.482,"y":1},"o":{"x":0.654,"y":0},"t":1,"s":[1023.481,1217.758,0],"to":[0,3.333,0],"ti":[0,0,0]},{"i":{"x":0.454,"y":1},"o":{"x":0.434,"y":0},"t":11,"s":[1023.481,1237.758,0],"to":[0,0,0],"ti":[0,3.333,0]},{"i":{"x":0.667,"y":0.667},"o":{"x":0.333,"y":0.333},"t":29,"s":[1023.481,1217.758,0],"to":[0,0,0],"ti":[0,0,0]},{"t":42,"s":[1023.481,1217.758,0]}],"ix":2},"a":{"a":0,"k":[42.508,47.692,0],"ix":1},"s":{"a":0,"k":[100,100,100],"ix":6}},"ao":0,"shapes":[{"ty":"gr","it":[{"ind":0,"ty":"sh","ix":1,"ks":{"a":0,"k":{"i":[[38.736,1.476],[0,0]],"o":[[0,0],[0,0]],"v":[[-19.368,23.076],[-19.368,-24.552]],"c":true},"ix":2},"nm":"Path 1","mn":"ADBE Vector Shape - Group","hd":false},{"ty":"st","c":{"a":0,"k":[0,0,0,1],"ix":3},"o":{"a":0,"k":100,"ix":4},"w":{"a":0,"k":9.256,"ix":5},"lc":1,"lj":2,"bm":0,"nm":"Stroke 1","mn":"ADBE Vector Graphic - Stroke","hd":false},{"ty":"tr","p":{"a":0,"k":[42.508,47.693],"ix":2},"a":{"a":0,"k":[0,0],"ix":1},"s":{"a":0,"k":[100,100],"ix":3},"r":{"a":0,"k":0,"ix":6},"o":{"a":0,"k":100,"ix":7},"sk":{"a":0,"k":0,"ix":4},"sa":{"a":0,"k":0,"ix":5},"nm":"Transform"}],"nm":"Group 1","np":2,"cix":2,"bm":0,"ix":1,"mn":"ADBE Vector Group","hd":false},{"ty":"gr","it":[{"ind":0,"ty":"sh","ix":1,"ks":{"a":0,"k":{"i":[[38.736,1.476],[0,0]],"o":[[0,0],[0,0]],"v":[[-19.368,23.076],[-19.368,-24.552]],"c":true},"ix":2},"nm":"Path 1","mn":"ADBE Vector Shape - Group","hd":false},{"ty":"gr","it":[{"ty":"tr","p":{"a":0,"k":[0,0],"ix":2},"a":{"a":0,"k":[0,0],"ix":1},"s":{"a":0,"k":[100,100],"ix":3},"r":{"a":0,"k":0,"ix":6},"o":{"a":0,"k":100,"ix":7},"sk":{"a":0,"k":0,"ix":4},"sa":{"a":0,"k":0,"ix":5},"nm":"Transform"}],"nm":"Group 1","np":0,"cix":2,"bm":0,"ix":2,"mn":"ADBE Vector Group","hd":false},{"ty":"mm","mm":4,"nm":"Merge Paths 1","mn":"ADBE Vector Filter - Merge","hd":false},{"ty":"fl","c":{"a":0,"k":[0.999999940162,0.999999940162,1,1],"ix":4},"o":{"a":0,"k":100,"ix":5},"r":1,"bm":0,"nm":"Fill 1","mn":"ADBE Vector Graphic - Fill","hd":false},{"ty":"tr","p":{"a":0,"k":[42.508,47.693],"ix":2},"a":{"a":0,"k":[0,0],"ix":1},"s":{"a":0,"k":[100,100],"ix":3},"r":{"a":0,"k":0,"ix":6},"o":{"a":0,"k":100,"ix":7},"sk":{"a":0,"k":0,"ix":4},"sa":{"a":0,"k":0,"ix":5},"nm":"Transform"}],"nm":"Group 2","np":4,"cix":2,"bm":0,"ix":2,"mn":"ADBE Vector Group","hd":false}],"ip":-9,"op":515,"st":1,"bm":0},{"ddd":0,"ind":6,"ty":4,"nm":"hair Outlines","sr":1,"ks":{"o":{"a":0,"k":100,"ix":11},"r":{"a":0,"k":0,"ix":10},"p":{"s":true,"x":{"a":0,"k":1004.239,"ix":3},"y":{"a":1,"k":[{"i":{"x":[0.667],"y":[1]},"o":{"x":[0.333],"y":[0]},"t":6,"s":[979.517]},{"i":{"x":[0.667],"y":[1]},"o":{"x":[0.333],"y":[0]},"t":16,"s":[999.517]},{"i":{"x":[0.667],"y":[1]},"o":{"x":[0.333],"y":[0]},"t":34,"s":[966.66]},{"t":47,"s":[979.517]}],"ix":4}},"a":{"a":0,"k":[322.637,215.29,0],"ix":1},"s":{"a":0,"k":[100,100,100],"ix":6}},"ao":0,"shapes":[{"ty":"gr","it":[{"ind":0,"ty":"sh","ix":1,"ks":{"a":1,"k":[{"i":{"x":0.667,"y":1},"o":{"x":0.333,"y":0},"t":8,"s":[{"i":[[196.902,139.83],[169.916,-162.107],[-83.346,107.563],[0,0],[-93.002,-73.285],[65.489,-2.429]],"o":[[0,0],[-46.443,44.309],[83.346,-107.563],[0,0],[65.468,51.589],[0,0]],"v":[[98.109,-33.54],[-260.208,170.731],[-239.04,-107.477],[-13.331,-202.478],[196.417,-131.67],[256.897,137.467]],"c":true}]},{"i":{"x":0.667,"y":1},"o":{"x":0.333,"y":0},"t":22,"s":[{"i":[[125.652,-9.459],[3.969,-169.73],[-83.346,107.563],[0,0],[-93.002,-73.285],[65.489,-2.429]],"o":[[-174.348,74.541],[-13.857,28.967],[83.346,-107.563],[0,0],[65.468,51.589],[0,0]],"v":[[98.109,-33.54],[-260.208,170.731],[-239.04,-107.477],[6.669,-214.478],[204.417,-163.67],[256.897,137.467]],"c":true}]},{"t":40,"s":[{"i":[[196.902,139.83],[169.916,-162.107],[-83.346,107.563],[0,0],[-93.002,-73.285],[65.489,-2.429]],"o":[[0,0],[-46.443,44.309],[83.346,-107.563],[0,0],[65.468,51.589],[0,0]],"v":[[98.109,-33.54],[-260.208,170.731],[-239.04,-107.477],[-13.331,-202.478],[196.417,-131.67],[256.897,137.467]],"c":true}]}],"ix":2},"nm":"Path 1","mn":"ADBE Vector Shape - Group","hd":false},{"ty":"gr","it":[{"ty":"tr","p":{"a":0,"k":[0,0],"ix":2},"a":{"a":0,"k":[0,0],"ix":1},"s":{"a":0,"k":[100,100],"ix":3},"r":{"a":0,"k":0,"ix":6},"o":{"a":0,"k":100,"ix":7},"sk":{"a":0,"k":0,"ix":4},"sa":{"a":0,"k":0,"ix":5},"nm":"Transform"}],"nm":"Group 1","np":0,"cix":2,"bm":0,"ix":2,"mn":"ADBE Vector Group","hd":false},{"ty":"mm","mm":4,"nm":"Merge Paths 1","mn":"ADBE Vector Filter - Merge","hd":false},{"ty":"fl","c":{"a":0,"k":[0.749019607843,0.400000029919,0.192156877705,1],"ix":4},"o":{"a":0,"k":100,"ix":5},"r":1,"bm":0,"nm":"Fill 1","mn":"ADBE Vector Graphic - Fill","hd":false},{"ty":"tr","p":{"a":0,"k":[322.636,215.291],"ix":2},"a":{"a":0,"k":[0,0],"ix":1},"s":{"a":0,"k":[100,100],"ix":3},"r":{"a":0,"k":0,"ix":6},"o":{"a":0,"k":100,"ix":7},"sk":{"a":0,"k":0,"ix":4},"sa":{"a":0,"k":0,"ix":5},"nm":"Transform"}],"nm":"Group 1","np":4,"cix":2,"bm":0,"ix":1,"mn":"ADBE Vector Group","hd":false}],"ip":-4,"op":520,"st":6,"bm":0},{"ddd":0,"ind":7,"ty":4,"nm":"circle 2","td":1,"sr":1,"ks":{"o":{"a":0,"k":100,"ix":11},"r":{"a":0,"k":0,"ix":10},"p":{"a":0,"k":[960,964.188,0],"ix":2},"a":{"a":0,"k":[824.122,846.804,0],"ix":1},"s":{"a":0,"k":[100,100,100],"ix":6}},"ao":0,"shapes":[{"ty":"gr","it":[{"ind":0,"ty":"sh","ix":1,"ks":{"a":0,"k":{"i":[[0,-455.012],[455.012,0],[0,455.012],[-455.012,0]],"o":[[0,455.012],[-455.012,0],[0,-455.012],[455.012,0]],"v":[[823.872,0],[0,823.872],[-823.872,0],[0,-823.872]],"c":true},"ix":2},"nm":"Path 1","mn":"ADBE Vector Shape - Group","hd":false},{"ty":"fl","c":{"a":0,"k":[0.899969003715,0.899968943876,0.899968943876,1],"ix":4},"o":{"a":0,"k":100,"ix":5},"r":1,"bm":0,"nm":"Fill 1","mn":"ADBE Vector Graphic - Fill","hd":false},{"ty":"tr","p":{"a":0,"k":[824.122,824.122],"ix":2},"a":{"a":0,"k":[0,0],"ix":1},"s":{"a":0,"k":[100,100],"ix":3},"r":{"a":0,"k":0,"ix":6},"o":{"a":0,"k":100,"ix":7},"sk":{"a":0,"k":0,"ix":4},"sa":{"a":0,"k":0,"ix":5},"nm":"Transform"}],"nm":"Group 8","np":2,"cix":2,"bm":0,"ix":1,"mn":"ADBE Vector Group","hd":false}],"ip":0,"op":514,"st":0,"bm":0},{"ddd":0,"ind":8,"ty":4,"nm":"tshirt","tt":1,"sr":1,"ks":{"o":{"a":0,"k":100,"ix":11},"r":{"a":0,"k":0,"ix":10},"p":{"a":0,"k":[998.341,1266.517,0],"ix":2},"a":{"a":0,"k":[483.524,528.431,0],"ix":1},"s":{"a":0,"k":[100,100,100],"ix":6}},"ao":0,"shapes":[{"ty":"gr","it":[{"ind":0,"ty":"sh","ix":1,"ks":{"a":1,"k":[{"i":{"x":0.667,"y":1},"o":{"x":0.333,"y":0},"t":0,"s":[{"i":[[0,0],[-243.468,-2.8],[0,0],[202.583,6.944]],"o":[[0,0],[188.653,2.17],[0,0],[-315.089,-10.801]],"v":[[-391.79,50.768],[66.77,-155.691],[387.79,81.845],[56.512,179.28]],"c":true}]},{"t":49,"s":[{"i":[[0,0],[-243.468,-2.8],[0,0],[202.583,6.944]],"o":[[0,0],[188.653,2.17],[0,0],[-315.089,-10.801]],"v":[[-391.79,50.768],[66.77,-155.691],[387.79,81.845],[56.512,179.28]],"c":true}]}],"ix":2},"nm":"Path 1","mn":"ADBE Vector Shape - Group","hd":false},{"ty":"gr","it":[{"ty":"tr","p":{"a":0,"k":[0,0],"ix":2},"a":{"a":0,"k":[0,0],"ix":1},"s":{"a":0,"k":[100,100],"ix":3},"r":{"a":0,"k":0,"ix":6},"o":{"a":0,"k":100,"ix":7},"sk":{"a":0,"k":0,"ix":4},"sa":{"a":0,"k":0,"ix":5},"nm":"Transform"}],"nm":"Group 1","np":0,"cix":2,"bm":0,"ix":2,"mn":"ADBE Vector Group","hd":false},{"ty":"mm","mm":4,"nm":"Merge Paths 1","mn":"ADBE Vector Filter - Merge","hd":false},{"ty":"fl","c":{"a":0,"k":[0,0,0,1],"ix":4},"o":{"a":0,"k":100,"ix":5},"r":1,"bm":0,"nm":"Fill 1","mn":"ADBE Vector Graphic - Fill","hd":false},{"ty":"tr","p":{"a":0,"k":[413.76,873.436],"ix":2},"a":{"a":0,"k":[0,0],"ix":1},"s":{"a":0,"k":[100,100],"ix":3},"r":{"a":0,"k":0,"ix":6},"o":{"a":0,"k":100,"ix":7},"sk":{"a":0,"k":0,"ix":4},"sa":{"a":0,"k":0,"ix":5},"nm":"Transform"}],"nm":"Group 4","np":4,"cix":2,"bm":0,"ix":1,"mn":"ADBE Vector Group","hd":false}],"ip":0,"op":514,"st":0,"bm":0},{"ddd":0,"ind":9,"ty":4,"nm":"Layer 2 Outlines 3","sr":1,"ks":{"o":{"a":0,"k":100,"ix":11},"r":{"a":0,"k":0,"ix":10},"p":{"s":true,"x":{"a":1,"k":[{"i":{"x":[0.833],"y":[0.833]},"o":{"x":[0.167],"y":[0.167]},"t":4,"s":[998.341]},{"i":{"x":[0.833],"y":[0.833]},"o":{"x":[0.167],"y":[0.167]},"t":14,"s":[998.341]},{"i":{"x":[0.833],"y":[0.833]},"o":{"x":[0.167],"y":[0.167]},"t":32,"s":[998.341]},{"t":45,"s":[998.341]}],"ix":3},"y":{"a":1,"k":[{"i":{"x":[0.833],"y":[0.833]},"o":{"x":[0.167],"y":[0.167]},"t":4,"s":[1266.517]},{"i":{"x":[0.833],"y":[0.833]},"o":{"x":[0.167],"y":[0.167]},"t":14,"s":[1286.517]},{"i":{"x":[0.833],"y":[0.833]},"o":{"x":[0.167],"y":[0.167]},"t":32,"s":[1253.66]},{"t":45,"s":[1266.517]}],"ix":4}},"a":{"a":0,"k":[483.524,528.431,0],"ix":1},"s":{"a":0,"k":[100,100,100],"ix":6}},"ao":0,"shapes":[{"ty":"gr","it":[{"ind":0,"ty":"sh","ix":1,"ks":{"a":0,"k":{"i":[[0,260.474],[-137.536,0],[-3.813,-137.483],[137.537,0]],"o":[[0,-137.537],[137.537,0],[7.225,260.474],[-137.536,0]],"v":[[-252.644,-54.556],[-3.612,-247.588],[245.42,-54.556],[-3.612,303.588]],"c":true},"ix":2},"nm":"Path 1","mn":"ADBE Vector Shape - Group","hd":false},{"ty":"gr","it":[{"ty":"tr","p":{"a":0,"k":[0,0],"ix":2},"a":{"a":0,"k":[0,0],"ix":1},"s":{"a":0,"k":[100,100],"ix":3},"r":{"a":0,"k":0,"ix":6},"o":{"a":0,"k":100,"ix":7},"sk":{"a":0,"k":0,"ix":4},"sa":{"a":0,"k":0,"ix":5},"nm":"Transform"}],"nm":"Group 1","np":0,"cix":2,"bm":0,"ix":2,"mn":"ADBE Vector Group","hd":false},{"ty":"mm","mm":4,"nm":"Merge Paths 1","mn":"ADBE Vector Filter - Merge","hd":false},{"ty":"st","c":{"a":0,"k":[0,0,0,1],"ix":3},"o":{"a":0,"k":100,"ix":4},"w":{"a":0,"k":12.834,"ix":5},"lc":1,"lj":1,"ml":4,"bm":0,"nm":"Stroke 1","mn":"ADBE Vector Graphic - Stroke","hd":false},{"ty":"fl","c":{"a":0,"k":[0.992156922583,0.878431432387,0.796078491211,1],"ix":4},"o":{"a":0,"k":100,"ix":5},"r":1,"bm":0,"nm":"Fill 1","mn":"ADBE Vector Graphic - Fill","hd":false},{"ty":"tr","p":{"a":0,"k":[479.702,346.811],"ix":2},"a":{"a":0,"k":[0,0],"ix":1},"s":{"a":0,"k":[100,100],"ix":3},"r":{"a":0,"k":0,"ix":6},"o":{"a":0,"k":100,"ix":7},"sk":{"a":0,"k":0,"ix":4},"sa":{"a":0,"k":0,"ix":5},"nm":"Transform"}],"nm":"Group 6","np":5,"cix":2,"bm":0,"ix":1,"mn":"ADBE Vector Group","hd":false},{"ty":"gr","it":[{"ind":0,"ty":"sh","ix":1,"ks":{"a":0,"k":{"i":[[0,0],[0,0],[0,0],[0,0],[0,0]],"o":[[0,0],[0,0],[0,0],[0,0],[0,0]],"v":[[-29.221,-62.354],[-27.221,94.062],[29.221,62.355],[29.221,-62.354],[-12.676,-62.354]],"c":true},"ix":2},"nm":"Path 1","mn":"ADBE Vector Shape - Group","hd":false},{"ty":"st","c":{"a":0,"k":[0,0,0,1],"ix":3},"o":{"a":0,"k":100,"ix":4},"w":{"a":0,"k":12.834,"ix":5},"lc":1,"lj":1,"ml":10,"bm":0,"nm":"Stroke 1","mn":"ADBE Vector Graphic - Stroke","hd":false},{"ty":"tr","p":{"a":0,"k":[471.799,678.417],"ix":2},"a":{"a":0,"k":[0,0],"ix":1},"s":{"a":0,"k":[100,100],"ix":3},"r":{"a":0,"k":0,"ix":6},"o":{"a":0,"k":100,"ix":7},"sk":{"a":0,"k":0,"ix":4},"sa":{"a":0,"k":0,"ix":5},"nm":"Transform"}],"nm":"Group 9","np":2,"cix":2,"bm":0,"ix":2,"mn":"ADBE Vector Group","hd":false},{"ty":"gr","it":[{"ind":0,"ty":"sh","ix":1,"ks":{"a":0,"k":{"i":[[0,0],[0,0],[0,0],[0,0],[0,0]],"o":[[0,0],[0,0],[0,0],[0,0],[0,0]],"v":[[-29.221,-62.354],[-29.221,50.062],[29.221,62.354],[29.221,-62.354],[-12.676,-62.354]],"c":true},"ix":2},"nm":"Path 1","mn":"ADBE Vector Shape - Group","hd":false},{"ty":"gr","it":[{"ty":"tr","p":{"a":0,"k":[0,0],"ix":2},"a":{"a":0,"k":[0,0],"ix":1},"s":{"a":0,"k":[100,100],"ix":3},"r":{"a":0,"k":0,"ix":6},"o":{"a":0,"k":100,"ix":7},"sk":{"a":0,"k":0,"ix":4},"sa":{"a":0,"k":0,"ix":5},"nm":"Transform"}],"nm":"Group 1","np":0,"cix":2,"bm":0,"ix":2,"mn":"ADBE Vector Group","hd":false},{"ty":"mm","mm":4,"nm":"Merge Paths 1","mn":"ADBE Vector Filter - Merge","hd":false},{"ty":"fl","c":{"a":0,"k":[0.992156922583,0.878431432387,0.796078491211,1],"ix":4},"o":{"a":0,"k":100,"ix":5},"r":1,"bm":0,"nm":"Fill 1","mn":"ADBE Vector Graphic - Fill","hd":false},{"ty":"tr","p":{"a":0,"k":[471.799,678.417],"ix":2},"a":{"a":0,"k":[0,0],"ix":1},"s":{"a":0,"k":[100,100],"ix":3},"r":{"a":0,"k":0,"ix":6},"o":{"a":0,"k":100,"ix":7},"sk":{"a":0,"k":0,"ix":4},"sa":{"a":0,"k":0,"ix":5},"nm":"Transform"}],"nm":"Group 10","np":4,"cix":2,"bm":0,"ix":3,"mn":"ADBE Vector Group","hd":false}],"ip":-6,"op":518,"st":4,"bm":0},{"ddd":0,"ind":10,"ty":4,"nm":"Layer 2 Outlines 5","parent":9,"sr":1,"ks":{"o":{"a":0,"k":100,"ix":11},"r":{"a":1,"k":[{"i":{"x":[0.739],"y":[1]},"o":{"x":[0.624],"y":[0]},"t":1,"s":[0]},{"i":{"x":[0.522],"y":[1]},"o":{"x":[0.557],"y":[0]},"t":17,"s":[30]},{"i":{"x":[0.451],"y":[1]},"o":{"x":[0.577],"y":[0]},"t":31,"s":[-25]},{"t":45,"s":[0]}],"ix":10},"p":{"a":0,"k":[287.524,528.431,0],"ix":2},"a":{"a":0,"k":[287.524,528.431,0],"ix":1},"s":{"a":0,"k":[100,100,100],"ix":6}},"ao":0,"shapes":[{"ty":"gr","it":[{"ind":0,"ty":"sh","ix":1,"ks":{"a":0,"k":{"i":[[0,-34.979],[34.979,0],[0,34.979],[-34.978,0]],"o":[[0,34.979],[-34.978,0],[0,-34.979],[34.979,0]],"v":[[63.334,0],[0,63.334],[-63.334,0],[0,-63.334]],"c":true},"ix":2},"nm":"Path 1","mn":"ADBE Vector Shape - Group","hd":false},{"ty":"st","c":{"a":0,"k":[0.999999940162,0.999999940162,1,1],"ix":3},"o":{"a":0,"k":100,"ix":4},"w":{"a":0,"k":6.592,"ix":5},"lc":1,"lj":1,"ml":10,"bm":0,"nm":"Stroke 1","mn":"ADBE Vector Graphic - Stroke","hd":false},{"ty":"tr","p":{"a":0,"k":[290.392,552.728],"ix":2},"a":{"a":0,"k":[0,0],"ix":1},"s":{"a":0,"k":[100,100],"ix":3},"r":{"a":0,"k":0,"ix":6},"o":{"a":0,"k":100,"ix":7},"sk":{"a":0,"k":0,"ix":4},"sa":{"a":0,"k":0,"ix":5},"nm":"Transform"}],"nm":"Group 8","np":2,"cix":2,"bm":0,"ix":1,"mn":"ADBE Vector Group","hd":false}],"ip":-6,"op":518,"st":4,"bm":0},{"ddd":0,"ind":11,"ty":4,"nm":"Layer 2 Outlines 4","parent":9,"sr":1,"ks":{"o":{"a":0,"k":100,"ix":11},"r":{"a":1,"k":[{"i":{"x":[0.34],"y":[1]},"o":{"x":[0.48],"y":[0]},"t":2,"s":[0]},{"i":{"x":[0.803],"y":[0.866]},"o":{"x":[0.562],"y":[0]},"t":18,"s":[-29]},{"i":{"x":[0.409],"y":[1]},"o":{"x":[0.238],"y":[-0.404]},"t":32,"s":[19.447]},{"t":46,"s":[0]}],"ix":10},"p":{"a":0,"k":[669.524,518.431,0],"ix":2},"a":{"a":0,"k":[669.524,518.431,0],"ix":1},"s":{"a":0,"k":[100,100,100],"ix":6}},"ao":0,"shapes":[{"ty":"gr","it":[{"ind":0,"ty":"sh","ix":1,"ks":{"a":0,"k":{"i":[[0,-34.979],[34.978,0],[0,34.979],[-34.979,0]],"o":[[0,34.979],[-34.979,0],[0,-34.979],[34.978,0]],"v":[[63.334,0],[0,63.334],[-63.334,0],[0,-63.334]],"c":true},"ix":2},"nm":"Path 1","mn":"ADBE Vector Shape - Group","hd":false},{"ty":"st","c":{"a":0,"k":[0.999999940162,0.999999940162,1,1],"ix":3},"o":{"a":0,"k":100,"ix":4},"w":{"a":0,"k":6.592,"ix":5},"lc":1,"lj":1,"ml":10,"bm":0,"nm":"Stroke 1","mn":"ADBE Vector Graphic - Stroke","hd":false},{"ty":"tr","p":{"a":0,"k":[669.013,552.728],"ix":2},"a":{"a":0,"k":[0,0],"ix":1},"s":{"a":0,"k":[100,100],"ix":3},"r":{"a":0,"k":0,"ix":6},"o":{"a":0,"k":100,"ix":7},"sk":{"a":0,"k":0,"ix":4},"sa":{"a":0,"k":0,"ix":5},"nm":"Transform"}],"nm":"Group 7","np":2,"cix":2,"bm":0,"ix":1,"mn":"ADBE Vector Group","hd":false}],"ip":-5,"op":519,"st":5,"bm":0},{"ddd":0,"ind":12,"ty":4,"nm":"hair","sr":1,"ks":{"o":{"a":0,"k":100,"ix":11},"r":{"a":0,"k":0,"ix":10},"p":{"a":0,"k":[998.341,978.517,0],"ix":2},"a":{"a":0,"k":[483.524,240.431,0],"ix":1},"s":{"a":1,"k":[{"i":{"x":[0.667,0.667,0.667],"y":[1,1,1]},"o":{"x":[0.333,0.333,0.333],"y":[0,0,0]},"t":2,"s":[100,100,100]},{"i":{"x":[0.667,0.667,0.667],"y":[1,1,1]},"o":{"x":[0.333,0.333,0.333],"y":[0,0,0]},"t":12,"s":[100,95,100]},{"i":{"x":[0.667,0.667,0.667],"y":[1,1,1]},"o":{"x":[0.333,0.333,0.333],"y":[0,0,0]},"t":30,"s":[95,100,100]},{"t":43,"s":[100,100,100]}],"ix":6}},"ao":0,"shapes":[{"ty":"gr","it":[{"ind":0,"ty":"sh","ix":1,"ks":{"a":1,"k":[{"i":{"x":0.504,"y":1},"o":{"x":0.739,"y":0},"t":4,"s":[{"i":[[0,0],[11.792,-70.753],[0,0]],"o":[[0,0],[-11.792,70.753],[0,0]],"v":[[-11.791,-114.973],[23.585,8.844],[-35.377,114.973]],"c":false}]},{"i":{"x":0.388,"y":1},"o":{"x":0.574,"y":0},"t":14,"s":[{"i":[[0,0],[8.251,-71.253],[0,0]],"o":[[0,0],[-13.564,117.143],[0,0]],"v":[[-11.791,-114.973],[23.585,8.844],[-113.377,119.31]],"c":false}]},{"i":{"x":0.667,"y":1},"o":{"x":0.717,"y":0},"t":32,"s":[{"i":[[0,0],[8.251,-71.253],[0,0]],"o":[[0,0],[-13.564,117.143],[0,0]],"v":[[-11.791,-114.973],[-10.084,6.843],[-113.377,119.31]],"c":false}]},{"t":44,"s":[{"i":[[0,0],[11.792,-70.753],[0,0]],"o":[[0,0],[-11.792,70.753],[0,0]],"v":[[-11.791,-114.973],[23.585,8.844],[-35.377,114.973]],"c":false}]}],"ix":2},"nm":"Path 1","mn":"ADBE Vector Shape - Group","hd":false},{"ty":"st","c":{"a":0,"k":[0.749019607843,0.400000029919,0.192156877705,1],"ix":3},"o":{"a":0,"k":100,"ix":4},"w":{"a":0,"k":39.655,"ix":5},"lc":1,"lj":1,"ml":10,"bm":0,"nm":"Stroke 1","mn":"ADBE Vector Graphic - Stroke","hd":false},{"ty":"tr","p":{"a":0,"k":[743.163,751.462],"ix":2},"a":{"a":0,"k":[0,0],"ix":1},"s":{"a":0,"k":[100,100],"ix":3},"r":{"a":0,"k":0,"ix":6},"o":{"a":0,"k":100,"ix":7},"sk":{"a":0,"k":0,"ix":4},"sa":{"a":0,"k":0,"ix":5},"nm":"Transform"}],"nm":"Group 1","np":2,"cix":2,"bm":0,"ix":1,"mn":"ADBE Vector Group","hd":false},{"ty":"gr","it":[{"ind":0,"ty":"sh","ix":1,"ks":{"a":1,"k":[{"i":{"x":0.389,"y":1},"o":{"x":0.433,"y":0},"t":2,"s":[{"i":[[0,0],[49.856,-126.622],[0,0]],"o":[[0,0],[-18.138,46.064],[0,0]],"v":[[-34.367,-285.959],[43.473,123.5],[-93.328,285.959]],"c":false}]},{"i":{"x":0.232,"y":1},"o":{"x":0.404,"y":0},"t":12,"s":[{"i":[[0,0],[53.524,-125.116],[0,0]],"o":[[0,0],[-48.872,114.242],[0,0]],"v":[[-34.367,-285.959],[71.473,169.041],[-93.328,285.959]],"c":false}]},{"i":{"x":0.227,"y":1},"o":{"x":0.547,"y":0},"t":30,"s":[{"i":[[0,0],[53.524,-125.116],[0,0]],"o":[[0,0],[-48.872,114.242],[0,0]],"v":[[-34.367,-285.959],[27.283,145.024],[-93.328,285.959]],"c":false}]},{"t":42,"s":[{"i":[[0,0],[49.856,-126.622],[0,0]],"o":[[0,0],[-18.138,46.064],[0,0]],"v":[[-34.367,-285.959],[43.473,123.5],[-93.328,285.959]],"c":false}]}],"ix":2},"nm":"Path 1","mn":"ADBE Vector Shape - Group","hd":false},{"ty":"st","c":{"a":0,"k":[0.749019607843,0.400000029919,0.192156877705,1],"ix":3},"o":{"a":0,"k":100,"ix":4},"w":{"a":0,"k":39.655,"ix":5},"lc":1,"lj":1,"ml":10,"bm":0,"nm":"Stroke 1","mn":"ADBE Vector Graphic - Stroke","hd":false},{"ty":"tr","p":{"a":0,"k":[774.583,615.852],"ix":2},"a":{"a":0,"k":[0,0],"ix":1},"s":{"a":0,"k":[100,100],"ix":3},"r":{"a":0,"k":0,"ix":6},"o":{"a":0,"k":100,"ix":7},"sk":{"a":0,"k":0,"ix":4},"sa":{"a":0,"k":0,"ix":5},"nm":"Transform"}],"nm":"Group 2","np":2,"cix":2,"bm":0,"ix":2,"mn":"ADBE Vector Group","hd":false},{"ty":"gr","it":[{"ind":0,"ty":"sh","ix":1,"ks":{"a":1,"k":[{"i":{"x":0.555,"y":1},"o":{"x":0.333,"y":0},"t":1,"s":[{"i":[[0,0],[16.402,-136.675],[0,0]],"o":[[0,0],[-16.401,136.677],[0,0]],"v":[[118.909,-291.12],[-102.507,15.034],[-12.301,291.12]],"c":false}]},{"i":{"x":0.558,"y":1},"o":{"x":0.503,"y":0},"t":11,"s":[{"i":[[0,0],[16.402,-136.675],[0,0]],"o":[[0,0],[-16.401,136.677],[0,0]],"v":[[118.909,-291.12],[-126.507,17.203],[-12.301,291.12]],"c":false}]},{"i":{"x":0.667,"y":1},"o":{"x":0.558,"y":0},"t":29,"s":[{"i":[[0,0],[16.402,-136.675],[0,0]],"o":[[0,0],[-16.401,136.677],[0,0]],"v":[[118.909,-291.12],[-82.318,19.204],[-12.301,291.12]],"c":false}]},{"t":41,"s":[{"i":[[0,0],[16.402,-136.675],[0,0]],"o":[[0,0],[-16.401,136.677],[0,0]],"v":[[118.909,-291.12],[-102.507,15.034],[-12.301,291.12]],"c":false}]}],"ix":2},"nm":"Path 1","mn":"ADBE Vector Shape - Group","hd":false},{"ty":"st","c":{"a":0,"k":[0.749019607843,0.400000029919,0.192156877705,1],"ix":3},"o":{"a":0,"k":100,"ix":4},"w":{"a":0,"k":39.655,"ix":5},"lc":1,"lj":1,"ml":10,"bm":0,"nm":"Stroke 1","mn":"ADBE Vector Graphic - Stroke","hd":false},{"ty":"tr","p":{"a":0,"k":[218.046,412.696],"ix":2},"a":{"a":0,"k":[0,0],"ix":1},"s":{"a":0,"k":[100,100],"ix":3},"r":{"a":0,"k":0,"ix":6},"o":{"a":0,"k":100,"ix":7},"sk":{"a":0,"k":0,"ix":4},"sa":{"a":0,"k":0,"ix":5},"nm":"Transform"}],"nm":"Group 3","np":2,"cix":2,"bm":0,"ix":3,"mn":"ADBE Vector Group","hd":false},{"ty":"gr","it":[{"ind":0,"ty":"sh","ix":1,"ks":{"a":0,"k":{"i":[[0,260.474],[-137.536,0],[-3.813,-137.483],[137.537,0]],"o":[[0,-137.537],[137.537,0],[7.225,260.474],[-137.536,0]],"v":[[-252.644,-54.556],[4.388,-235.493],[245.42,-54.556],[-3.612,303.588]],"c":true},"ix":2},"nm":"Path 1","mn":"ADBE Vector Shape - Group","hd":false},{"ty":"st","c":{"a":0,"k":[0.749019607843,0.400000029919,0.192156877705,1],"ix":3},"o":{"a":0,"k":100,"ix":4},"w":{"a":0,"k":17.289,"ix":5},"lc":1,"lj":1,"ml":10,"bm":0,"nm":"Stroke 1","mn":"ADBE Vector Graphic - Stroke","hd":false},{"ty":"tr","p":{"a":0,"k":[479.702,346.811],"ix":2},"a":{"a":0,"k":[0,0],"ix":1},"s":{"a":0,"k":[100,100],"ix":3},"r":{"a":0,"k":0,"ix":6},"o":{"a":0,"k":100,"ix":7},"sk":{"a":0,"k":0,"ix":4},"sa":{"a":0,"k":0,"ix":5},"nm":"Transform"}],"nm":"Group 5","np":2,"cix":2,"bm":0,"ix":4,"mn":"ADBE Vector Group","hd":false},{"ty":"gr","it":[{"ind":0,"ty":"sh","ix":1,"ks":{"a":0,"k":{"i":[[103.744,-72.62],[27.76,-265.84],[-442.83,2.733],[-4.811,194.119]],"o":[[0,0],[-9.443,90.431],[317.13,-1.958],[4.696,-189.415]],"v":[[-9.072,-374.995],[-229.526,-118.231],[62.85,444.882],[361.809,-118.231]],"c":true},"ix":2},"nm":"Path 1","mn":"ADBE Vector Shape - Group","hd":false},{"ty":"gr","it":[{"ty":"tr","p":{"a":0,"k":[0,0],"ix":2},"a":{"a":0,"k":[0,0],"ix":1},"s":{"a":0,"k":[100,100],"ix":3},"r":{"a":0,"k":0,"ix":6},"o":{"a":0,"k":100,"ix":7},"sk":{"a":0,"k":0,"ix":4},"sa":{"a":0,"k":0,"ix":5},"nm":"Transform"}],"nm":"Group 1","np":0,"cix":2,"bm":0,"ix":2,"mn":"ADBE Vector Group","hd":false},{"ty":"mm","mm":4,"nm":"Merge Paths 1","mn":"ADBE Vector Filter - Merge","hd":false},{"ty":"fl","c":{"a":0,"k":[0.749019607843,0.400000029919,0.192156877705,1],"ix":4},"o":{"a":0,"k":100,"ix":5},"r":1,"bm":0,"nm":"Fill 1","mn":"ADBE Vector Graphic - Fill","hd":false},{"ty":"tr","p":{"a":0,"k":[413.513,458.482],"ix":2},"a":{"a":0,"k":[0,0],"ix":1},"s":{"a":0,"k":[100,100],"ix":3},"r":{"a":0,"k":0,"ix":6},"o":{"a":0,"k":100,"ix":7},"sk":{"a":0,"k":0,"ix":4},"sa":{"a":0,"k":0,"ix":5},"nm":"Transform"}],"nm":"Group 11","np":4,"cix":2,"bm":0,"ix":5,"mn":"ADBE Vector Group","hd":false}],"ip":-13,"op":516,"st":2,"bm":0},{"ddd":0,"ind":13,"ty":4,"nm":"circle","sr":1,"ks":{"o":{"a":0,"k":100,"ix":11},"r":{"a":0,"k":0,"ix":10},"p":{"a":0,"k":[960,964.188,0],"ix":2},"a":{"a":0,"k":[824.122,846.804,0],"ix":1},"s":{"a":0,"k":[100,100,100],"ix":6}},"ao":0,"shapes":[{"ty":"gr","it":[{"ind":0,"ty":"sh","ix":1,"ks":{"a":0,"k":{"i":[[0,-455.012],[455.012,0],[0,455.012],[-455.012,0]],"o":[[0,455.012],[-455.012,0],[0,-455.012],[455.012,0]],"v":[[823.872,0],[0,823.872],[-823.872,0],[0,-823.872]],"c":true},"ix":2},"nm":"Path 1","mn":"ADBE Vector Shape - Group","hd":false},{"ty":"fl","c":{"a":0,"k":[0.792156862745,0.854901960784,0.866666666667,1],"ix":4},"o":{"a":0,"k":100,"ix":5},"r":1,"bm":0,"nm":"Fill 1","mn":"ADBE Vector Graphic - Fill","hd":false},{"ty":"tr","p":{"a":0,"k":[824.122,824.122],"ix":2},"a":{"a":0,"k":[0,0],"ix":1},"s":{"a":0,"k":[100,100],"ix":3},"r":{"a":0,"k":0,"ix":6},"o":{"a":0,"k":100,"ix":7},"sk":{"a":0,"k":0,"ix":4},"sa":{"a":0,"k":0,"ix":5},"nm":"Transform"}],"nm":"Group 8","np":2,"cix":2,"bm":0,"ix":1,"mn":"ADBE Vector Group","hd":false}],"ip":0,"op":514,"st":0,"bm":0}],"markers":[{"tm":10,"cm":"1","dr":0},{"tm":28,"cm":"2","dr":0},{"tm":41,"cm":"3","dr":0}]}