{"v":"5.6.6","fr":25,"ip":0,"op":194,"w":1920,"h":1920,"nm":"18","ddd":0,"assets":[],"layers":[{"ddd":0,"ind":1,"ty":4,"nm":"glasses Outlines","parent":5,"sr":1,"ks":{"o":{"a":0,"k":100,"ix":11},"r":{"a":0,"k":0,"ix":10},"p":{"a":0,"k":[19.91,21.797,0],"ix":2},"a":{"a":0,"k":[228.28,96.596,0],"ix":1},"s":{"a":0,"k":[100,100,100],"ix":6}},"ao":0,"shapes":[{"ty":"gr","it":[{"ind":0,"ty":"sh","ix":1,"ks":{"a":0,"k":{"i":[[0,0],[23.723,-2.635],[0,0]],"o":[[0,0],[-23.723,2.637],[0,0]],"v":[[48.503,16.586],[-2.089,-13.951],[-48.503,16.586]],"c":false},"ix":2},"nm":"Path 1","mn":"ADBE Vector Shape - Group","hd":false},{"ty":"st","c":{"a":0,"k":[0.041123708089,0.044830879511,0.05642749188,1],"ix":3},"o":{"a":0,"k":100,"ix":4},"w":{"a":0,"k":5.366,"ix":5},"lc":1,"lj":1,"ml":10,"bm":0,"nm":"Stroke 1","mn":"ADBE Vector Graphic - Stroke","hd":false},{"ty":"tr","p":{"a":0,"k":[228.28,80.01],"ix":2},"a":{"a":0,"k":[0,0],"ix":1},"s":{"a":0,"k":[100,100],"ix":3},"r":{"a":0,"k":0,"ix":6},"o":{"a":0,"k":100,"ix":7},"sk":{"a":0,"k":0,"ix":4},"sa":{"a":0,"k":0,"ix":5},"nm":"Transform"}],"nm":"Group 1","np":2,"cix":2,"bm":0,"ix":1,"mn":"ADBE Vector Group","hd":false},{"ty":"gr","it":[{"ind":0,"ty":"sh","ix":1,"ks":{"a":0,"k":{"i":[[0,-45.939],[45.94,0],[0,45.94],[-45.94,0]],"o":[[0,45.94],[-45.94,0],[0,-45.939],[45.94,0]],"v":[[83.181,0],[0,83.181],[-83.181,0],[0,-83.181]],"c":true},"ix":2},"nm":"Path 1","mn":"ADBE Vector Shape - Group","hd":false},{"ty":"st","c":{"a":0,"k":[0.041123708089,0.044830879511,0.05642749188,1],"ix":3},"o":{"a":0,"k":100,"ix":4},"w":{"a":0,"k":5.366,"ix":5},"lc":1,"lj":1,"ml":10,"bm":0,"nm":"Stroke 1","mn":"ADBE Vector Graphic - Stroke","hd":false},{"ty":"tr","p":{"a":0,"k":[359.963,96.596],"ix":2},"a":{"a":0,"k":[0,0],"ix":1},"s":{"a":0,"k":[100,100],"ix":3},"r":{"a":0,"k":0,"ix":6},"o":{"a":0,"k":100,"ix":7},"sk":{"a":0,"k":0,"ix":4},"sa":{"a":0,"k":0,"ix":5},"nm":"Transform"}],"nm":"Group 2","np":2,"cix":2,"bm":0,"ix":2,"mn":"ADBE Vector Group","hd":false},{"ty":"gr","it":[{"ind":0,"ty":"sh","ix":1,"ks":{"a":0,"k":{"i":[[0,-45.939],[45.94,0],[0,45.94],[-45.94,0]],"o":[[0,45.94],[-45.94,0],[0,-45.939],[45.94,0]],"v":[[83.181,0],[0,83.181],[-83.181,0],[0,-83.181]],"c":true},"ix":2},"nm":"Path 1","mn":"ADBE Vector Shape - Group","hd":false},{"ty":"st","c":{"a":0,"k":[0.041123708089,0.044830879511,0.05642749188,1],"ix":3},"o":{"a":0,"k":100,"ix":4},"w":{"a":0,"k":5.366,"ix":5},"lc":1,"lj":1,"ml":10,"bm":0,"nm":"Stroke 1","mn":"ADBE Vector Graphic - Stroke","hd":false},{"ty":"tr","p":{"a":0,"k":[96.596,96.596],"ix":2},"a":{"a":0,"k":[0,0],"ix":1},"s":{"a":0,"k":[100,100],"ix":3},"r":{"a":0,"k":0,"ix":6},"o":{"a":0,"k":100,"ix":7},"sk":{"a":0,"k":0,"ix":4},"sa":{"a":0,"k":0,"ix":5},"nm":"Transform"}],"nm":"Group 3","np":2,"cix":2,"bm":0,"ix":3,"mn":"ADBE Vector Group","hd":false}],"ip":0,"op":303,"st":0,"bm":0},{"ddd":0,"ind":2,"ty":4,"nm":"eye b Outlines","parent":5,"sr":1,"ks":{"o":{"a":0,"k":100,"ix":11},"r":{"a":0,"k":0,"ix":10},"p":{"a":0,"k":[19.202,-62.275,0],"ix":2},"a":{"a":0,"k":[168.029,28.806,0],"ix":1},"s":{"a":0,"k":[100,100,100],"ix":6}},"ao":0,"shapes":[{"ty":"gr","it":[{"ind":0,"ty":"sh","ix":1,"ks":{"a":1,"k":[{"i":{"x":0.26,"y":1},"o":{"x":0.541,"y":0},"t":17,"s":[{"i":[[0,0],[0,0],[32.111,0],[0,0],[-55.862,9.15]],"o":[[0,0],[0,0],[-32.112,0],[0,0],[21.724,-3.558]],"v":[[59.639,-8.689],[59.639,27.409],[-24.842,15.024],[-87.639,23.84],[-28.249,-19.674]],"c":true}]},{"i":{"x":0.667,"y":1},"o":{"x":1,"y":0},"t":57,"s":[{"i":[[0,0],[0,0],[32.111,0],[0,0],[-55.862,9.15]],"o":[[0,0],[0,0],[-32.112,0],[0,0],[21.724,-3.558]],"v":[[53.639,-34.689],[53.639,1.409],[-30.842,-10.976],[-109.639,21.84],[-34.249,-45.674]],"c":true}]},{"i":{"x":0.667,"y":1},"o":{"x":0.333,"y":0},"t":78,"s":[{"i":[[0,0],[0,0],[32.111,0],[0,0],[-55.862,9.15]],"o":[[0,0],[0,0],[-32.112,0],[0,0],[21.724,-3.558]],"v":[[59.639,-8.689],[59.639,27.409],[-24.842,15.024],[-87.639,23.84],[-28.249,-19.674]],"c":true}]},{"i":{"x":0.374,"y":1},"o":{"x":0.737,"y":0},"t":97,"s":[{"i":[[0,0],[0,0],[32.111,0],[0,0],[-55.862,9.15]],"o":[[0,0],[0,0],[-32.112,0],[0,0],[21.724,-3.558]],"v":[[77.639,-28.689],[77.639,7.409],[-6.842,-4.976],[-87.639,23.84],[-10.249,-39.674]],"c":true}]},{"t":169,"s":[{"i":[[0,0],[0,0],[32.111,0],[0,0],[-55.862,9.15]],"o":[[0,0],[0,0],[-32.112,0],[0,0],[21.724,-3.558]],"v":[[59.639,-8.689],[59.639,27.409],[-24.842,15.024],[-87.639,23.84],[-28.249,-19.674]],"c":true}]}],"ix":2},"nm":"Path 1","mn":"ADBE Vector Shape - Group","hd":false},{"ty":"fl","c":{"a":0,"k":[0,0,0,1],"ix":4},"o":{"a":0,"k":100,"ix":5},"r":1,"bm":0,"nm":"Fill 1","mn":"ADBE Vector Graphic - Fill","hd":false},{"ty":"tr","p":{"a":0,"k":[59.888,29.953],"ix":2},"a":{"a":0,"k":[0,0],"ix":1},"s":{"a":0,"k":[100,100],"ix":3},"r":{"a":0,"k":0,"ix":6},"o":{"a":0,"k":100,"ix":7},"sk":{"a":0,"k":0,"ix":4},"sa":{"a":0,"k":0,"ix":5},"nm":"Transform"}],"nm":"Group 1","np":2,"cix":2,"bm":0,"ix":1,"mn":"ADBE Vector Group","hd":false},{"ty":"gr","it":[{"ind":0,"ty":"sh","ix":1,"ks":{"a":1,"k":[{"i":{"x":0.199,"y":1},"o":{"x":0.565,"y":0},"t":17,"s":[{"i":[[0,0],[0,0],[-26.378,-3.441],[0,0],[61.358,3.874]],"o":[[0,0],[0,0],[26.377,3.44],[0,0],[-26.429,-1.669]],"v":[[-59.638,-7.904],[-59.638,28.193],[32.587,17.635],[101.638,24.624],[28.25,-18.89]],"c":true}]},{"i":{"x":0.667,"y":1},"o":{"x":0.774,"y":0},"t":57,"s":[{"i":[[0,0],[0,0],[-26.378,-3.441],[0,0],[61.358,3.874]],"o":[[0,0],[0,0],[26.377,3.44],[0,0],[-26.429,-1.669]],"v":[[-57.638,-29.904],[-57.638,6.193],[34.587,-4.365],[101.638,24.624],[30.25,-40.89]],"c":true}]},{"i":{"x":0.667,"y":1},"o":{"x":0.333,"y":0},"t":78,"s":[{"i":[[0,0],[0,0],[-26.378,-3.441],[0,0],[61.358,3.874]],"o":[[0,0],[0,0],[26.377,3.44],[0,0],[-26.429,-1.669]],"v":[[-59.638,-7.904],[-59.638,28.193],[32.587,17.635],[101.638,24.624],[28.25,-18.89]],"c":true}]},{"i":{"x":0.272,"y":1},"o":{"x":0.55,"y":0},"t":97,"s":[{"i":[[0,0],[0,0],[-26.378,-3.441],[0,0],[61.358,3.874]],"o":[[0,0],[0,0],[26.377,3.44],[0,0],[-26.429,-1.669]],"v":[[-57.638,-29.904],[-57.638,6.193],[34.587,-4.365],[101.638,24.624],[30.25,-40.89]],"c":true}]},{"t":169,"s":[{"i":[[0,0],[0,0],[-26.378,-3.441],[0,0],[61.358,3.874]],"o":[[0,0],[0,0],[26.377,3.44],[0,0],[-26.429,-1.669]],"v":[[-59.638,-7.904],[-59.638,28.193],[32.587,17.635],[101.638,24.624],[28.25,-18.89]],"c":true}]}],"ix":2},"nm":"Path 1","mn":"ADBE Vector Shape - Group","hd":false},{"ty":"fl","c":{"a":0,"k":[0,0,0,1],"ix":4},"o":{"a":0,"k":100,"ix":5},"r":1,"bm":0,"nm":"Fill 1","mn":"ADBE Vector Graphic - Fill","hd":false},{"ty":"tr","p":{"a":0,"k":[276.17,28.444],"ix":2},"a":{"a":0,"k":[0,0],"ix":1},"s":{"a":0,"k":[100,100],"ix":3},"r":{"a":0,"k":0,"ix":6},"o":{"a":0,"k":100,"ix":7},"sk":{"a":0,"k":0,"ix":4},"sa":{"a":0,"k":0,"ix":5},"nm":"Transform"}],"nm":"Group 2","np":2,"cix":2,"bm":0,"ix":2,"mn":"ADBE Vector Group","hd":false}],"ip":0,"op":303,"st":0,"bm":0},{"ddd":0,"ind":3,"ty":4,"nm":"eyes Outlines","parent":5,"sr":1,"ks":{"o":{"a":0,"k":100,"ix":11},"r":{"a":0,"k":0,"ix":10},"p":{"a":0,"k":[15.01,-13.676,0],"ix":2},"a":{"a":0,"k":[141.687,30.924,0],"ix":1},"s":{"a":0,"k":[100,100,100],"ix":6}},"ao":0,"shapes":[{"ty":"gr","it":[{"ind":0,"ty":"sh","ix":1,"ks":{"a":1,"k":[{"i":{"x":0.667,"y":1},"o":{"x":0.333,"y":0},"t":19,"s":[{"i":[[0,0],[-27.148,-21.136]],"o":[[0,0],[-19.36,25.594]],"v":[[-31.098,1.947],[31.098,-2.229]],"c":true}]},{"i":{"x":0.667,"y":1},"o":{"x":0.333,"y":0},"t":25,"s":[{"i":[[0,0],[-32.818,-7.058]],"o":[[0,0],[-32.818,8.942]],"v":[[-31.098,1.947],[31.098,-2.229]],"c":true}]},{"i":{"x":0.833,"y":1},"o":{"x":0.167,"y":0},"t":32,"s":[{"i":[[0,0],[-27.148,-21.136]],"o":[[0,0],[-19.36,25.594]],"v":[[-31.098,1.947],[31.098,-2.229]],"c":true}]},{"i":{"x":0.667,"y":1},"o":{"x":0.333,"y":0},"t":40,"s":[{"i":[[0,0],[-27.148,-21.136]],"o":[[0,0],[-19.36,25.594]],"v":[[-31.098,1.947],[31.098,-2.229]],"c":true}]},{"i":{"x":0.667,"y":1},"o":{"x":0.333,"y":0},"t":46,"s":[{"i":[[0,0],[-32.818,-7.058]],"o":[[0,0],[-32.818,8.942]],"v":[[-31.098,1.947],[31.098,-2.229]],"c":true}]},{"i":{"x":0.833,"y":1},"o":{"x":0.167,"y":0},"t":53,"s":[{"i":[[0,0],[-27.148,-21.136]],"o":[[0,0],[-19.36,25.594]],"v":[[-31.098,1.947],[31.098,-2.229]],"c":true}]},{"i":{"x":0.667,"y":1},"o":{"x":0.333,"y":0},"t":94,"s":[{"i":[[0,0],[-27.148,-21.136]],"o":[[0,0],[-19.36,25.594]],"v":[[-31.098,1.947],[31.098,-2.229]],"c":true}]},{"i":{"x":0.667,"y":1},"o":{"x":0.333,"y":0},"t":100,"s":[{"i":[[0,0],[-32.818,-7.058]],"o":[[0,0],[-32.818,8.942]],"v":[[-31.098,1.947],[31.098,-2.229]],"c":true}]},{"i":{"x":0.833,"y":1},"o":{"x":0.167,"y":0},"t":107,"s":[{"i":[[0,0],[-27.148,-21.136]],"o":[[0,0],[-19.36,25.594]],"v":[[-31.098,1.947],[31.098,-2.229]],"c":true}]},{"i":{"x":0.667,"y":1},"o":{"x":0.333,"y":0},"t":150,"s":[{"i":[[0,0],[-27.148,-21.136]],"o":[[0,0],[-19.36,25.594]],"v":[[-31.098,1.947],[31.098,-2.229]],"c":true}]},{"i":{"x":0.667,"y":1},"o":{"x":0.333,"y":0},"t":156,"s":[{"i":[[0,0],[-32.818,-7.058]],"o":[[0,0],[-32.818,8.942]],"v":[[-31.098,1.947],[31.098,-2.229]],"c":true}]},{"t":163,"s":[{"i":[[0,0],[-27.148,-21.136]],"o":[[0,0],[-19.36,25.594]],"v":[[-31.098,1.947],[31.098,-2.229]],"c":true}]}],"ix":2},"nm":"Path 1","mn":"ADBE Vector Shape - Group","hd":false},{"ty":"fl","c":{"a":0,"k":[0.041123708089,0.044830879511,0.05642749188,1],"ix":4},"o":{"a":0,"k":100,"ix":5},"r":1,"bm":0,"nm":"Fill 1","mn":"ADBE Vector Graphic - Fill","hd":false},{"ty":"tr","p":{"a":0,"k":[31.348,38.234],"ix":2},"a":{"a":0,"k":[0,0],"ix":1},"s":{"a":0,"k":[100,100],"ix":3},"r":{"a":0,"k":0,"ix":6},"o":{"a":0,"k":100,"ix":7},"sk":{"a":0,"k":0,"ix":4},"sa":{"a":0,"k":0,"ix":5},"nm":"Transform"}],"nm":"Group 1","np":2,"cix":2,"bm":0,"ix":1,"mn":"ADBE Vector Group","hd":false},{"ty":"gr","it":[{"ind":0,"ty":"sh","ix":1,"ks":{"a":1,"k":[{"i":{"x":0.667,"y":1},"o":{"x":0.333,"y":0},"t":19,"s":[{"i":[[0,0],[-37.591,-31.326]],"o":[[0,0],[-21.928,21.929]],"v":[[-32.156,9.127],[32.156,4.698]],"c":true}]},{"i":{"x":0.667,"y":1},"o":{"x":0.333,"y":0},"t":25,"s":[{"i":[[0,0],[-41.497,-10.629]],"o":[[0,0],[-31.497,3.371]],"v":[[-32.156,9.127],[32.156,4.698]],"c":true}]},{"i":{"x":0.833,"y":1},"o":{"x":0.167,"y":0},"t":32,"s":[{"i":[[0,0],[-37.591,-31.326]],"o":[[0,0],[-21.928,21.929]],"v":[[-32.156,9.127],[32.156,4.698]],"c":true}]},{"i":{"x":0.667,"y":1},"o":{"x":0.333,"y":0},"t":40,"s":[{"i":[[0,0],[-37.591,-31.326]],"o":[[0,0],[-21.928,21.929]],"v":[[-32.156,9.127],[32.156,4.698]],"c":true}]},{"i":{"x":0.667,"y":1},"o":{"x":0.333,"y":0},"t":46,"s":[{"i":[[0,0],[-41.497,-10.629]],"o":[[0,0],[-31.497,3.371]],"v":[[-32.156,9.127],[32.156,4.698]],"c":true}]},{"i":{"x":0.833,"y":1},"o":{"x":0.167,"y":0},"t":53,"s":[{"i":[[0,0],[-37.591,-31.326]],"o":[[0,0],[-21.928,21.929]],"v":[[-32.156,9.127],[32.156,4.698]],"c":true}]},{"i":{"x":0.667,"y":1},"o":{"x":0.333,"y":0},"t":94,"s":[{"i":[[0,0],[-37.591,-31.326]],"o":[[0,0],[-21.928,21.929]],"v":[[-32.156,9.127],[32.156,4.698]],"c":true}]},{"i":{"x":0.667,"y":1},"o":{"x":0.333,"y":0},"t":100,"s":[{"i":[[0,0],[-41.497,-10.629]],"o":[[0,0],[-31.497,3.371]],"v":[[-32.156,9.127],[32.156,4.698]],"c":true}]},{"i":{"x":0.833,"y":1},"o":{"x":0.167,"y":0},"t":107,"s":[{"i":[[0,0],[-37.591,-31.326]],"o":[[0,0],[-21.928,21.929]],"v":[[-32.156,9.127],[32.156,4.698]],"c":true}]},{"i":{"x":0.667,"y":1},"o":{"x":0.333,"y":0},"t":150,"s":[{"i":[[0,0],[-37.591,-31.326]],"o":[[0,0],[-21.928,21.929]],"v":[[-32.156,9.127],[32.156,4.698]],"c":true}]},{"i":{"x":0.667,"y":1},"o":{"x":0.333,"y":0},"t":156,"s":[{"i":[[0,0],[-41.497,-10.629]],"o":[[0,0],[-31.497,3.371]],"v":[[-32.156,9.127],[32.156,4.698]],"c":true}]},{"t":163,"s":[{"i":[[0,0],[-37.591,-31.326]],"o":[[0,0],[-21.928,21.929]],"v":[[-32.156,9.127],[32.156,4.698]],"c":true}]}],"ix":2},"nm":"Path 1","mn":"ADBE Vector Shape - Group","hd":false},{"ty":"fl","c":{"a":0,"k":[0.041123708089,0.044830879511,0.05642749188,1],"ix":4},"o":{"a":0,"k":100,"ix":5},"r":1,"bm":0,"nm":"Fill 1","mn":"ADBE Vector Graphic - Fill","hd":false},{"ty":"tr","p":{"a":0,"k":[250.968,26.878],"ix":2},"a":{"a":0,"k":[0,0],"ix":1},"s":{"a":0,"k":[100,100],"ix":3},"r":{"a":0,"k":0,"ix":6},"o":{"a":0,"k":100,"ix":7},"sk":{"a":0,"k":0,"ix":4},"sa":{"a":0,"k":0,"ix":5},"nm":"Transform"}],"nm":"Group 2","np":2,"cix":2,"bm":0,"ix":2,"mn":"ADBE Vector Group","hd":false}],"ip":0,"op":303,"st":0,"bm":0},{"ddd":0,"ind":4,"ty":4,"nm":"mouth Outlines","parent":5,"sr":1,"ks":{"o":{"a":0,"k":100,"ix":11},"r":{"a":0,"k":0,"ix":10},"p":{"a":0,"k":[23.16,150.399,0],"ix":2},"a":{"a":0,"k":[47.419,5.775,0],"ix":1},"s":{"a":0,"k":[100,100,100],"ix":6}},"ao":0,"shapes":[{"ty":"gr","it":[{"ind":0,"ty":"sh","ix":1,"ks":{"a":1,"k":[{"i":{"x":0.833,"y":0.833},"o":{"x":0.167,"y":0.167},"t":78,"s":[{"i":[[0,0],[-13.89,0],[0,0],[17.096,0]],"o":[[0,0],[13.89,0],[0,0],[-17.095,0]],"v":[[-47.169,-2.416],[-1.555,-5.526],[47.169,-4.489],[-1.434,5.526]],"c":true}]},{"i":{"x":0.833,"y":0.833},"o":{"x":0.167,"y":0.167},"t":89,"s":[{"i":[[0,0],[-13.89,0],[0,0],[17.096,0]],"o":[[0,0],[13.89,0],[0,0],[-17.095,0]],"v":[[-48.307,-6.741],[0.085,-13.356],[48.399,-10.361],[0.749,24.373]],"c":true}]},{"i":{"x":0.833,"y":0.833},"o":{"x":0.167,"y":0.167},"t":138,"s":[{"i":[[0,0],[-13.89,0],[0,0],[17.096,0]],"o":[[0,0],[13.89,0],[0,0],[-17.095,0]],"v":[[-48.307,-6.741],[0.085,-13.356],[48.399,-10.361],[0.749,24.373]],"c":true}]},{"t":169,"s":[{"i":[[0,0],[-13.89,0],[0,0],[17.096,0]],"o":[[0,0],[13.89,0],[0,0],[-17.095,0]],"v":[[-47.169,-2.416],[-1.555,-5.526],[47.169,-4.489],[-1.434,5.526]],"c":true}]}],"ix":2},"nm":"Path 1","mn":"ADBE Vector Shape - Group","hd":false},{"ty":"fl","c":{"a":0,"k":[0,0,0,1],"ix":4},"o":{"a":0,"k":100,"ix":5},"r":1,"bm":0,"nm":"Fill 1","mn":"ADBE Vector Graphic - Fill","hd":false},{"ty":"tr","p":{"a":0,"k":[47.419,5.776],"ix":2},"a":{"a":0,"k":[0,0],"ix":1},"s":{"a":0,"k":[100,100],"ix":3},"r":{"a":0,"k":0,"ix":6},"o":{"a":0,"k":100,"ix":7},"sk":{"a":0,"k":0,"ix":4},"sa":{"a":0,"k":0,"ix":5},"nm":"Transform"}],"nm":"Group 1","np":2,"cix":2,"bm":0,"ix":1,"mn":"ADBE Vector Group","hd":false}],"ip":0,"op":303,"st":0,"bm":0},{"ddd":0,"ind":5,"ty":4,"nm":"nose Outlines","sr":1,"ks":{"o":{"a":0,"k":100,"ix":11},"r":{"a":1,"k":[{"i":{"x":[0.667],"y":[1]},"o":{"x":[0.333],"y":[0]},"t":73,"s":[0]},{"i":{"x":[0.667],"y":[1]},"o":{"x":[0.333],"y":[0]},"t":100,"s":[-13]},{"t":161,"s":[0]}],"ix":10},"p":{"a":1,"k":[{"i":{"x":0,"y":1},"o":{"x":0.333,"y":0},"t":18,"s":[868.298,950.57,0],"to":[17.702,-16.57,0],"ti":[-9.75,1.583,0]},{"i":{"x":0.667,"y":0.667},"o":{"x":0.333,"y":0.333},"t":57,"s":[913.298,918.57,0],"to":[0,0,0],"ti":[0,0,0]},{"i":{"x":0.667,"y":1},"o":{"x":0.333,"y":0},"t":130,"s":[913.298,918.57,0],"to":[-7.5,5.333,0],"ti":[30.298,-28.93,0]},{"t":162,"s":[868.298,950.57,0]}],"ix":2},"a":{"a":0,"k":[29.248,42.916,0],"ix":1},"s":{"a":0,"k":[100,100,100],"ix":6}},"ao":0,"shapes":[{"ty":"gr","it":[{"ind":0,"ty":"sh","ix":1,"ks":{"a":0,"k":{"i":[[0,0],[0,0],[-1.407,4.908]],"o":[[0,0],[0,0],[1.408,-4.907]],"v":[[-10.159,-24.279],[-10.611,24.279],[9.203,9.93]],"c":true},"ix":2},"nm":"Path 1","mn":"ADBE Vector Shape - Group","hd":false},{"ty":"fl","c":{"a":0,"k":[0.945098099054,0.603921568627,0.572549019608,1],"ix":4},"o":{"a":0,"k":100,"ix":5},"r":1,"bm":0,"nm":"Fill 1","mn":"ADBE Vector Graphic - Fill","hd":false},{"ty":"tr","p":{"a":0,"k":[29.248,42.917],"ix":2},"a":{"a":0,"k":[0,0],"ix":1},"s":{"a":0,"k":[100,100],"ix":3},"r":{"a":0,"k":0,"ix":6},"o":{"a":0,"k":100,"ix":7},"sk":{"a":0,"k":0,"ix":4},"sa":{"a":0,"k":0,"ix":5},"nm":"Transform"}],"nm":"Group 1","np":3,"cix":2,"bm":0,"ix":1,"mn":"ADBE Vector Group","hd":false}],"ip":0,"op":303,"st":0,"bm":0},{"ddd":0,"ind":6,"ty":4,"nm":"mustaches Outlines","sr":1,"ks":{"o":{"a":0,"k":100,"ix":11},"r":{"a":0,"k":0,"ix":10,"x":"var $bm_rt;\n$bm_rt = thisComp.layer('nose Outlines').transform.rotation;"},"p":{"a":0,"k":[857.085,976.988,0],"ix":2},"a":{"a":0,"k":[302.436,314.054,0],"ix":1},"s":{"a":0,"k":[100,100,100],"ix":6}},"ao":0,"shapes":[{"ty":"gr","it":[{"ind":0,"ty":"sh","ix":1,"ks":{"a":1,"k":[{"i":{"x":0.667,"y":1},"o":{"x":0.167,"y":0.167},"t":18,"s":[{"i":[[0,0],[0,0],[-2.014,39.128]],"o":[[0,0],[0,0],[2.013,-39.128]],"v":[[30.868,-74.474],[22.812,62.474],[-18.853,-20.502]],"c":true}]},{"i":{"x":0.833,"y":0.833},"o":{"x":0.333,"y":0},"t":45,"s":[{"i":[[0,0],[0,0],[-2.014,39.128]],"o":[[0,0],[0,0],[2.013,-39.128]],"v":[[26.868,-70.474],[18.812,66.474],[-28.853,-28.502]],"c":true}]},{"i":{"x":0.833,"y":0.833},"o":{"x":0.167,"y":0.167},"t":130,"s":[{"i":[[0,0],[0,0],[-2.014,39.128]],"o":[[0,0],[0,0],[2.013,-39.128]],"v":[[26.868,-70.474],[18.812,66.474],[-28.853,-28.502]],"c":true}]},{"t":162,"s":[{"i":[[0,0],[0,0],[-2.014,39.128]],"o":[[0,0],[0,0],[2.013,-39.128]],"v":[[30.868,-74.474],[22.812,62.474],[-18.853,-20.502]],"c":true}]}],"ix":2},"nm":"Path 1","mn":"ADBE Vector Shape - Group","hd":false},{"ty":"st","c":{"a":0,"k":[0.992156922583,0.878431432387,0.796078491211,1],"ix":3},"o":{"a":0,"k":100,"ix":4},"w":{"a":0,"k":12.834,"ix":5},"lc":1,"lj":2,"bm":0,"nm":"Stroke 1","mn":"ADBE Vector Graphic - Stroke","hd":false},{"ty":"fl","c":{"a":0,"k":[0.992156922583,0.878431432387,0.796078491211,1],"ix":4},"o":{"a":0,"k":100,"ix":5},"r":1,"bm":0,"nm":"Fill 1","mn":"ADBE Vector Graphic - Fill","hd":false},{"ty":"tr","p":{"a":0,"k":[52.952,285.441],"ix":2},"a":{"a":0,"k":[0,0],"ix":1},"s":{"a":0,"k":[100,100],"ix":3},"r":{"a":0,"k":0,"ix":6},"o":{"a":0,"k":100,"ix":7},"sk":{"a":0,"k":0,"ix":4},"sa":{"a":0,"k":0,"ix":5},"nm":"Transform"}],"nm":"Group 1","np":3,"cix":2,"bm":0,"ix":1,"mn":"ADBE Vector Group","hd":false},{"ty":"gr","it":[{"ind":0,"ty":"sh","ix":1,"ks":{"a":1,"k":[{"i":{"x":0.09,"y":1},"o":{"x":0.167,"y":0.167},"t":18,"s":[{"i":[[0,0],[-8.056,-35.867],[0,0]],"o":[[0,0],[8.055,35.868],[0,0]],"v":[[-23.906,-46.594],[23.851,-22.924],[-17.866,70.79]],"c":true}]},{"i":{"x":0.833,"y":0.833},"o":{"x":0.333,"y":0},"t":45,"s":[{"i":[[0,0],[-8.056,-35.867],[0,0]],"o":[[0,0],[8.055,35.868],[0,0]],"v":[[-11.906,-44.594],[11.851,-38.924],[-5.866,72.79]],"c":true}]},{"i":{"x":0.833,"y":0.833},"o":{"x":0.167,"y":0.167},"t":130,"s":[{"i":[[0,0],[-8.056,-35.867],[0,0]],"o":[[0,0],[8.055,35.868],[0,0]],"v":[[-11.906,-44.594],[11.851,-38.924],[-5.866,72.79]],"c":true}]},{"t":162,"s":[{"i":[[0,0],[-8.056,-35.867],[0,0]],"o":[[0,0],[8.055,35.868],[0,0]],"v":[[-23.906,-46.594],[23.851,-22.924],[-17.866,70.79]],"c":true}]}],"ix":2},"nm":"Path 1","mn":"ADBE Vector Shape - Group","hd":false},{"ty":"st","c":{"a":0,"k":[0.992156922583,0.878431432387,0.796078491211,1],"ix":3},"o":{"a":0,"k":100,"ix":4},"w":{"a":0,"k":12.834,"ix":5},"lc":1,"lj":2,"bm":0,"nm":"Stroke 1","mn":"ADBE Vector Graphic - Stroke","hd":false},{"ty":"fl","c":{"a":0,"k":[0.992156922583,0.878431432387,0.796078491211,1],"ix":4},"o":{"a":0,"k":100,"ix":5},"r":1,"bm":0,"nm":"Fill 1","mn":"ADBE Vector Graphic - Fill","hd":false},{"ty":"tr","p":{"a":0,"k":[552.88,266.083],"ix":2},"a":{"a":0,"k":[0,0],"ix":1},"s":{"a":0,"k":[100,100],"ix":3},"r":{"a":0,"k":0,"ix":6},"o":{"a":0,"k":100,"ix":7},"sk":{"a":0,"k":0,"ix":4},"sa":{"a":0,"k":0,"ix":5},"nm":"Transform"}],"nm":"Group 2","np":3,"cix":2,"bm":0,"ix":2,"mn":"ADBE Vector Group","hd":false},{"ty":"gr","it":[{"ind":0,"ty":"sh","ix":1,"ks":{"a":0,"k":{"i":[[0,0],[0,0],[0,0],[0,0],[0,0],[0,0],[0,0],[0,0],[0,0]],"o":[[0,0],[0,0],[0,0],[0,0],[0,0],[0,0],[0,0],[0,0],[0,0]],"v":[[-20.138,2.013],[-20.138,-32.221],[-2.013,-14.096],[18.125,-32.221],[18.125,-4.029],[46.319,-16.112],[26.18,20.138],[-38.262,32.221],[-46.319,-10.069]],"c":true},"ix":2},"nm":"Path 1","mn":"ADBE Vector Shape - Group","hd":false},{"ty":"fl","c":{"a":0,"k":[0.941176530427,0.549019607843,0.129411764706,1],"ix":4},"o":{"a":0,"k":100,"ix":5},"r":1,"bm":0,"nm":"Fill 1","mn":"ADBE Vector Graphic - Fill","hd":false},{"ty":"tr","p":{"a":0,"k":[301.545,32.472],"ix":2},"a":{"a":0,"k":[0,0],"ix":1},"s":{"a":0,"k":[100,100],"ix":3},"r":{"a":0,"k":0,"ix":6},"o":{"a":0,"k":100,"ix":7},"sk":{"a":0,"k":0,"ix":4},"sa":{"a":0,"k":0,"ix":5},"nm":"Transform"}],"nm":"Group 3","np":2,"cix":2,"bm":0,"ix":3,"mn":"ADBE Vector Group","hd":false},{"ty":"gr","it":[{"ind":0,"ty":"sh","ix":1,"ks":{"a":1,"k":[{"i":{"x":0,"y":1},"o":{"x":0.333,"y":0},"t":18,"s":[{"i":[[9.803,5.931],[22.095,7.295],[33.028,0.728],[28.97,-20.695],[13.27,5.931],[15.872,30.914],[0,0],[-16.293,24.656],[0,0],[-11.965,0.282],[0,0],[-7.075,1.383],[0,0],[0,0],[-20.315,-1.155],[0,0],[0,0],[-6.621,1.383],[0,0],[0.734,25.227],[0,0],[-17.263,2.906],[-11.584,-22.796],[-9.184,-13.899],[2.584,-25.145],[15.549,-37.322]],"o":[[-9.802,-5.931],[-22.096,-7.295],[-33.029,-0.727],[-28.969,20.695],[-13.271,-5.931],[-15.872,-30.914],[-2.581,-25.145],[9.187,-13.9],[15.285,-48.745],[21.295,-12.723],[0,0],[7.074,10.02],[0,0],[0,0],[16.169,14.631],[0,0],[0,0],[0.401,-25.227],[0,0],[6.524,-22.118],[0,0],[4.823,-22.603],[8.474,-34.223],[16.295,24.657],[0,0],[-3.566,18.407]],"v":[[137.431,151.397],[84.089,10.697],[0.451,-2.992],[-89.039,21.064],[-135.896,151.397],[-201.001,17.954],[-200.039,-116.156],[-182.775,-204.203],[-159.534,-179.017],[-109.297,-166.294],[-88.917,-205.846],[-61.902,-192.147],[-48.479,-221.934],[-27.432,-194.302],[-19.162,-211.272],[9.845,-202.785],[20.697,-211.272],[32.89,-192.147],[50.016,-221.934],[63.051,-192.147],[90.452,-205.846],[108.293,-179.221],[150.256,-192.482],[186.677,-205.93],[212.871,-103.899],[208.868,13.661]],"c":true}]},{"i":{"x":0.833,"y":0.833},"o":{"x":0.333,"y":0},"t":57,"s":[{"i":[[9.803,5.931],[22.095,7.295],[33.028,0.728],[28.97,-20.695],[13.27,5.931],[15.872,30.914],[0,0],[-16.293,24.656],[0,0],[-11.965,0.282],[0,0],[-7.075,1.383],[0,0],[0,0],[-20.315,-1.155],[0,0],[0,0],[-6.621,1.383],[0,0],[0.734,25.227],[0,0],[-17.263,2.906],[-11.584,-22.796],[-9.184,-13.899],[2.584,-25.145],[15.549,-37.322]],"o":[[-9.802,-5.931],[-22.096,-7.295],[-33.029,-0.727],[-28.969,20.695],[-13.271,-5.931],[-15.872,-30.914],[-2.581,-25.145],[9.187,-13.9],[15.285,-48.745],[21.295,-12.723],[0,0],[7.074,10.02],[0,0],[0,0],[16.169,14.631],[0,0],[0,0],[0.401,-25.227],[0,0],[6.524,-22.118],[0,0],[4.823,-22.603],[6.41,-0.55],[16.295,24.657],[0,0],[-3.566,18.407]],"v":[[187.431,123.397],[134.089,-17.303],[50.451,-30.992],[-39.039,-6.936],[-85.896,123.397],[-191.001,17.954],[-190.039,-116.156],[-182.775,-204.203],[-132.629,-211.017],[-82.392,-198.294],[-62.012,-237.846],[-34.997,-224.147],[-21.574,-253.934],[-0.527,-226.302],[7.743,-243.272],[36.75,-234.785],[47.602,-243.272],[59.795,-224.147],[76.921,-253.934],[89.956,-224.147],[117.357,-237.846],[135.198,-211.221],[177.161,-224.482],[203.677,-192.93],[226.871,-99.899],[222.868,17.661]],"c":true}]},{"i":{"x":0.833,"y":1},"o":{"x":0.167,"y":0.167},"t":100,"s":[{"i":[[9.803,5.931],[22.095,7.295],[33.028,0.728],[28.97,-20.695],[13.27,5.931],[15.872,30.914],[0,0],[-16.293,24.656],[0,0],[-11.965,0.282],[0,0],[-7.075,1.383],[0,0],[0,0],[-20.315,-1.155],[0,0],[0,0],[-6.621,1.383],[0,0],[0.734,25.227],[0,0],[-17.263,2.906],[-11.584,-22.796],[-9.184,-13.899],[2.584,-25.145],[15.549,-37.322]],"o":[[-9.802,-5.931],[-22.096,-7.295],[-33.029,-0.727],[-28.969,20.695],[-13.271,-5.931],[-15.872,-30.914],[-2.581,-25.145],[9.187,-13.9],[15.285,-48.745],[21.295,-12.723],[0,0],[7.074,10.02],[0,0],[0,0],[16.169,14.631],[0,0],[0,0],[0.401,-25.227],[0,0],[6.524,-22.118],[0,0],[4.823,-22.603],[6.41,-0.55],[16.295,24.657],[0,0],[-3.566,18.407]],"v":[[187.431,123.397],[146.979,-2.011],[60.794,-22.446],[-30.496,9.405],[-85.896,123.397],[-191.001,17.954],[-190.039,-116.156],[-182.775,-204.203],[-132.629,-211.017],[-82.392,-198.294],[-62.012,-237.846],[-34.997,-224.147],[-21.574,-253.934],[-0.527,-226.302],[7.743,-243.272],[36.75,-234.785],[47.602,-243.272],[59.795,-224.147],[76.921,-253.934],[89.956,-224.147],[117.357,-237.846],[135.198,-211.221],[177.161,-224.482],[203.677,-192.93],[226.871,-99.899],[222.868,17.661]],"c":true}]},{"i":{"x":0.667,"y":1},"o":{"x":0.167,"y":0},"t":130,"s":[{"i":[[9.803,5.931],[22.095,7.295],[33.028,0.728],[28.97,-20.695],[13.27,5.931],[15.872,30.914],[0,0],[-16.293,24.656],[0,0],[-11.965,0.282],[0,0],[-7.075,1.383],[0,0],[0,0],[-20.315,-1.155],[0,0],[0,0],[-6.621,1.383],[0,0],[0.734,25.227],[0,0],[-17.263,2.906],[-11.584,-22.796],[-9.184,-13.899],[2.584,-25.145],[15.549,-37.322]],"o":[[-9.802,-5.931],[-22.096,-7.295],[-33.029,-0.727],[-28.969,20.695],[-13.271,-5.931],[-15.872,-30.914],[-2.581,-25.145],[9.187,-13.9],[15.285,-48.745],[21.295,-12.723],[0,0],[7.074,10.02],[0,0],[0,0],[16.169,14.631],[0,0],[0,0],[0.401,-25.227],[0,0],[6.524,-22.118],[0,0],[4.823,-22.603],[6.41,-0.55],[16.295,24.657],[0,0],[-3.566,18.407]],"v":[[187.431,123.397],[134.089,-17.303],[50.451,-30.992],[-39.039,-6.936],[-85.896,123.397],[-191.001,17.954],[-190.039,-116.156],[-182.775,-204.203],[-132.629,-211.017],[-82.392,-198.294],[-62.012,-237.846],[-34.997,-224.147],[-21.574,-253.934],[-0.527,-226.302],[7.743,-243.272],[36.75,-234.785],[47.602,-243.272],[59.795,-224.147],[76.921,-253.934],[89.956,-224.147],[117.357,-237.846],[135.198,-211.221],[177.161,-224.482],[203.677,-192.93],[226.871,-99.899],[222.868,17.661]],"c":true}]},{"t":162,"s":[{"i":[[9.803,5.931],[22.095,7.295],[33.028,0.728],[28.97,-20.695],[13.27,5.931],[15.872,30.914],[0,0],[-16.293,24.656],[0,0],[-11.965,0.282],[0,0],[-7.075,1.383],[0,0],[0,0],[-20.315,-1.155],[0,0],[0,0],[-6.621,1.383],[0,0],[0.734,25.227],[0,0],[-17.263,2.906],[-11.584,-22.796],[-9.184,-13.899],[2.584,-25.145],[15.549,-37.322]],"o":[[-9.802,-5.931],[-22.096,-7.295],[-33.029,-0.727],[-28.969,20.695],[-13.271,-5.931],[-15.872,-30.914],[-2.581,-25.145],[9.187,-13.9],[15.285,-48.745],[21.295,-12.723],[0,0],[7.074,10.02],[0,0],[0,0],[16.169,14.631],[0,0],[0,0],[0.401,-25.227],[0,0],[6.524,-22.118],[0,0],[4.823,-22.603],[8.474,-34.223],[16.295,24.657],[0,0],[-3.566,18.407]],"v":[[137.431,151.397],[84.089,10.697],[0.451,-2.992],[-89.039,21.064],[-135.896,151.397],[-201.001,17.954],[-200.039,-116.156],[-182.775,-204.203],[-159.534,-179.017],[-109.297,-166.294],[-88.917,-205.846],[-61.902,-192.147],[-48.479,-221.934],[-27.432,-194.302],[-19.162,-211.272],[9.845,-202.785],[20.697,-211.272],[32.89,-192.147],[50.016,-221.934],[63.051,-192.147],[90.452,-205.846],[108.293,-179.221],[150.256,-192.482],[186.677,-205.93],[212.871,-103.899],[208.868,13.661]],"c":true}]}],"ix":2},"nm":"Path 1","mn":"ADBE Vector Shape - Group","hd":false},{"ind":1,"ty":"sh","ix":2,"ks":{"a":1,"k":[{"i":{"x":0,"y":1},"o":{"x":0.333,"y":0},"t":18,"s":[{"i":[[0,0],[17.03,-1.56],[-2.601,13.937],[-15.057,14.359],[-1.139,-6.107],[20.443,1.874],[0,0]],"o":[[0,0],[-20.443,1.874],[1.139,-6.109],[15.055,14.359],[2.601,13.938],[-17.029,-1.56],[0,0]],"v":[[-11.505,111.974],[-22.415,189.224],[-57.781,62.164],[4.264,40.761],[65.104,56.846],[23.952,189.224],[12.256,111.974]],"c":true}]},{"i":{"x":0.833,"y":0.833},"o":{"x":0.333,"y":0},"t":56,"s":[{"i":[[0,0],[17.03,-1.56],[-2.601,13.937],[-15.057,14.359],[-1.139,-6.107],[20.443,1.874],[0,0]],"o":[[0,0],[-20.443,1.874],[1.139,-6.109],[15.055,14.359],[2.601,13.938],[-17.029,-1.56],[0,0]],"v":[[38.495,83.974],[27.585,161.224],[-7.781,34.164],[54.264,12.761],[115.104,28.846],[73.952,161.224],[62.256,83.974]],"c":true}]},{"i":{"x":0.833,"y":1},"o":{"x":0.167,"y":0.167},"t":100,"s":[{"i":[[0,0],[17.03,-1.56],[-2.601,13.937],[-15.057,14.359],[-1.139,-6.107],[20.443,1.874],[0,0]],"o":[[0,0],[-20.443,1.874],[1.139,-6.109],[15.055,14.359],[2.601,13.938],[-17.029,-1.56],[0,0]],"v":[[45.84,87.722],[34.93,164.972],[6.459,43.609],[68.504,22.206],[129.344,38.291],[81.297,164.972],[69.601,87.722]],"c":true}]},{"i":{"x":0.667,"y":1},"o":{"x":0.167,"y":0},"t":130,"s":[{"i":[[0,0],[17.03,-1.56],[-2.601,13.937],[-15.057,14.359],[-1.139,-6.107],[20.443,1.874],[0,0]],"o":[[0,0],[-20.443,1.874],[1.139,-6.109],[15.055,14.359],[2.601,13.938],[-17.029,-1.56],[0,0]],"v":[[38.495,83.974],[27.585,161.224],[-7.781,34.164],[54.264,12.761],[115.104,28.846],[73.952,161.224],[62.256,83.974]],"c":true}]},{"t":162,"s":[{"i":[[0,0],[17.03,-1.56],[-2.601,13.937],[-15.057,14.359],[-1.139,-6.107],[20.443,1.874],[0,0]],"o":[[0,0],[-20.443,1.874],[1.139,-6.109],[15.055,14.359],[2.601,13.938],[-17.029,-1.56],[0,0]],"v":[[-11.505,111.974],[-22.415,189.224],[-57.781,62.164],[4.264,40.761],[65.104,56.846],[23.952,189.224],[12.256,111.974]],"c":true}]}],"ix":2},"nm":"Path 2","mn":"ADBE Vector Shape - Group","hd":false},{"ind":2,"ty":"sh","ix":3,"ks":{"a":1,"k":[{"i":{"x":0,"y":1},"o":{"x":0.333,"y":0},"t":18,"s":[{"i":[[7.403,88.545],[48.138,84.365],[5.225,5.659],[0,0],[52.045,-140.714],[-4.04,-108.826],[-257.31,8.041]],"o":[[-3.202,-38.285],[-3.847,-6.741],[-60.17,-65.165],[0,0],[-24.02,64.943],[1.039,27.994],[209.578,-6.55]],"v":[[260.821,47.501],[216.491,-209.309],[202.81,-227.886],[0.766,-289.613],[-244.204,-163.047],[-248.326,102.141],[21.804,295.72]],"c":true}]},{"i":{"x":0.833,"y":1},"o":{"x":0.333,"y":0},"t":45,"s":[{"i":[[7.403,88.545],[48.138,84.365],[4.148,4.835],[0,0],[52.045,-140.714],[-4.04,-108.826],[-257.31,8.041]],"o":[[-3.202,-38.285],[-3.185,-5.582],[-58.541,-68.233],[0,0],[-24.02,64.943],[1.039,27.994],[209.578,-6.55]],"v":[[260.821,47.501],[216.491,-209.309],[205.449,-224.921],[0.766,-289.613],[-244.204,-163.047],[-248.326,102.141],[21.804,295.72]],"c":true}]},{"i":{"x":0.667,"y":1},"o":{"x":0.167,"y":0},"t":130,"s":[{"i":[[7.403,88.545],[48.138,84.365],[4.148,4.835],[0,0],[52.045,-140.714],[-4.04,-108.826],[-257.31,8.041]],"o":[[-3.202,-38.285],[-3.185,-5.582],[-58.541,-68.233],[0,0],[-24.02,64.943],[1.039,27.994],[209.578,-6.55]],"v":[[260.821,47.501],[216.491,-209.309],[205.449,-224.921],[0.766,-289.613],[-244.204,-163.047],[-248.326,102.141],[21.804,295.72]],"c":true}]},{"t":162,"s":[{"i":[[7.403,88.545],[48.138,84.365],[5.225,5.659],[0,0],[52.045,-140.714],[-4.04,-108.826],[-257.31,8.041]],"o":[[-3.202,-38.285],[-3.847,-6.741],[-60.17,-65.165],[0,0],[-24.02,64.943],[1.039,27.994],[209.578,-6.55]],"v":[[260.821,47.501],[216.491,-209.309],[202.81,-227.886],[0.766,-289.613],[-244.204,-163.047],[-248.326,102.141],[21.804,295.72]],"c":true}]}],"ix":2},"nm":"Path 3","mn":"ADBE Vector Shape - Group","hd":false},{"ty":"mm","mm":1,"nm":"Merge Paths 1","mn":"ADBE Vector Filter - Merge","hd":false},{"ty":"fl","c":{"a":0,"k":[0.941176530427,0.549019607843,0.129411764706,1],"ix":4},"o":{"a":0,"k":100,"ix":5},"r":1,"bm":0,"nm":"Fill 1","mn":"ADBE Vector Graphic - Fill","hd":false},{"ty":"tr","p":{"a":0,"k":[300.779,324.098],"ix":2},"a":{"a":0,"k":[0,0],"ix":1},"s":{"a":0,"k":[100,100],"ix":3},"r":{"a":0,"k":0,"ix":6},"o":{"a":0,"k":100,"ix":7},"sk":{"a":0,"k":0,"ix":4},"sa":{"a":0,"k":0,"ix":5},"nm":"Transform"}],"nm":"Group 4","np":5,"cix":2,"bm":0,"ix":4,"mn":"ADBE Vector Group","hd":false},{"ty":"gr","it":[{"ind":0,"ty":"sh","ix":1,"ks":{"a":0,"k":{"i":[[0,0],[-71.729,118.292],[-65.023,1.026],[-43.881,-60.156],[0,0],[0,0],[149.675,4.923]],"o":[[0,0],[27.973,-46.13],[101.201,-1.597],[56.611,77.608],[0,0],[0,0],[-149.675,-4.923]],"v":[[-373.288,43.532],[-360.451,-290.805],[-191.708,-362.734],[40.077,-311.522],[94.816,-84.011],[100.712,13.195],[-127.391,172.226]],"c":true},"ix":2},"nm":"Path 1","mn":"ADBE Vector Shape - Group","hd":false},{"ty":"st","c":{"a":0,"k":[0,0,0,1],"ix":3},"o":{"a":0,"k":100,"ix":4},"w":{"a":0,"k":0,"ix":5},"lc":1,"lj":1,"ml":10,"bm":0,"nm":"Stroke 1","mn":"ADBE Vector Graphic - Stroke","hd":false},{"ty":"fl","c":{"a":0,"k":[0.992156922583,0.878431432387,0.796078491211,1],"ix":4},"o":{"a":0,"k":100,"ix":5},"r":1,"bm":0,"nm":"Fill 1","mn":"ADBE Vector Graphic - Fill","hd":false},{"ty":"tr","p":{"a":0,"k":[450.417,415.763],"ix":2},"a":{"a":0,"k":[0,0],"ix":1},"s":{"a":0,"k":[100,100],"ix":3},"r":{"a":0,"k":0,"ix":6},"o":{"a":0,"k":100,"ix":7},"sk":{"a":0,"k":0,"ix":4},"sa":{"a":0,"k":0,"ix":5},"nm":"Transform"}],"nm":"Group 5","np":3,"cix":2,"bm":0,"ix":5,"mn":"ADBE Vector Group","hd":false}],"ip":0,"op":303,"st":0,"bm":0},{"ddd":0,"ind":7,"ty":4,"nm":"circle 2","td":1,"sr":1,"ks":{"o":{"a":0,"k":100,"ix":11},"r":{"a":0,"k":0,"ix":10},"p":{"a":0,"k":[960,964.188,0],"ix":2},"a":{"a":0,"k":[824.122,846.804,0],"ix":1},"s":{"a":0,"k":[100,100,100],"ix":6}},"ao":0,"shapes":[{"ty":"gr","it":[{"ind":0,"ty":"sh","ix":1,"ks":{"a":0,"k":{"i":[[0,-455.012],[455.012,0],[0,455.012],[-455.012,0]],"o":[[0,455.012],[-455.012,0],[0,-455.012],[455.012,0]],"v":[[823.872,0],[0,823.872],[-823.872,0],[0,-823.872]],"c":true},"ix":2},"nm":"Path 1","mn":"ADBE Vector Shape - Group","hd":false},{"ty":"fl","c":{"a":0,"k":[0.899969003715,0.899968943876,0.899968943876,1],"ix":4},"o":{"a":0,"k":100,"ix":5},"r":1,"bm":0,"nm":"Fill 1","mn":"ADBE Vector Graphic - Fill","hd":false},{"ty":"tr","p":{"a":0,"k":[824.122,824.122],"ix":2},"a":{"a":0,"k":[0,0],"ix":1},"s":{"a":0,"k":[100,100],"ix":3},"r":{"a":0,"k":0,"ix":6},"o":{"a":0,"k":100,"ix":7},"sk":{"a":0,"k":0,"ix":4},"sa":{"a":0,"k":0,"ix":5},"nm":"Transform"}],"nm":"Group 8","np":2,"cix":2,"bm":0,"ix":1,"mn":"ADBE Vector Group","hd":false}],"ip":0,"op":535.416666666667,"st":0,"bm":0},{"ddd":0,"ind":8,"ty":4,"nm":"Layer 2 Outlines","tt":1,"sr":1,"ks":{"o":{"a":0,"k":100,"ix":11},"r":{"a":0,"k":0,"ix":10},"p":{"a":0,"k":[961.782,1226.663,0],"ix":2},"a":{"a":0,"k":[563.264,542.981,0],"ix":1},"s":{"a":0,"k":[100,100,100],"ix":6}},"ao":0,"shapes":[{"ty":"gr","it":[{"ind":0,"ty":"sh","ix":1,"ks":{"a":0,"k":{"i":[[0,0],[0,0],[0,0],[0,0]],"o":[[0,0],[0,0],[0,0],[0,0]],"v":[[-164.159,383.678],[-213.288,31.532],[254.816,-96.011],[272.181,190.248]],"c":true},"ix":2},"nm":"Path 1","mn":"ADBE Vector Shape - Group","hd":false},{"ty":"st","c":{"a":0,"k":[0,0,0,1],"ix":3},"o":{"a":0,"k":100,"ix":4},"w":{"a":0,"k":12.834,"ix":5},"lc":1,"lj":1,"ml":10,"bm":0,"nm":"Stroke 1","mn":"ADBE Vector Graphic - Stroke","hd":false},{"ty":"fl","c":{"a":0,"k":[0.992156922583,0.878431432387,0.796078491211,1],"ix":4},"o":{"a":0,"k":100,"ix":5},"r":1,"bm":0,"nm":"Fill 1","mn":"ADBE Vector Graphic - Fill","hd":false},{"ty":"tr","p":{"a":0,"k":[450.417,415.763],"ix":2},"a":{"a":0,"k":[0,0],"ix":1},"s":{"a":0,"k":[100,100],"ix":3},"r":{"a":0,"k":0,"ix":6},"o":{"a":0,"k":100,"ix":7},"sk":{"a":0,"k":0,"ix":4},"sa":{"a":0,"k":0,"ix":5},"nm":"Transform"}],"nm":"Group 1","np":3,"cix":2,"bm":0,"ix":1,"mn":"ADBE Vector Group","hd":false},{"ty":"gr","it":[{"ind":0,"ty":"sh","ix":1,"ks":{"a":0,"k":{"i":[[0,0],[0,0],[0,0],[0,0],[-270.289,5.631],[0,0]],"o":[[0,0],[0,0],[0,0],[0,0],[270.289,-5.631],[0,0]],"v":[[437.681,-121.094],[242.771,-262.845],[-328.669,-174.25],[-563.014,120.954],[-6.156,413.214],[563.014,125.336]],"c":true},"ix":2},"nm":"Path 1","mn":"ADBE Vector Shape - Group","hd":false},{"ty":"fl","c":{"a":0,"k":[0,0,0,1],"ix":4},"o":{"a":0,"k":100,"ix":5},"r":1,"bm":0,"nm":"Fill 1","mn":"ADBE Vector Graphic - Fill","hd":false},{"ty":"tr","p":{"a":0,"k":[563.264,822.866],"ix":2},"a":{"a":0,"k":[0,0],"ix":1},"s":{"a":0,"k":[100,100],"ix":3},"r":{"a":0,"k":0,"ix":6},"o":{"a":0,"k":100,"ix":7},"sk":{"a":0,"k":0,"ix":4},"sa":{"a":0,"k":0,"ix":5},"nm":"Transform"}],"nm":"Group 2","np":2,"cix":2,"bm":0,"ix":2,"mn":"ADBE Vector Group","hd":false}],"ip":0,"op":303,"st":0,"bm":0},{"ddd":0,"ind":9,"ty":4,"nm":"circle","sr":1,"ks":{"o":{"a":0,"k":100,"ix":11},"r":{"a":0,"k":0,"ix":10},"p":{"a":0,"k":[960,964.188,0],"ix":2},"a":{"a":0,"k":[824.122,846.804,0],"ix":1},"s":{"a":0,"k":[100,100,100],"ix":6}},"ao":0,"shapes":[{"ty":"gr","it":[{"ind":0,"ty":"sh","ix":1,"ks":{"a":0,"k":{"i":[[0,-455.012],[455.012,0],[0,455.012],[-455.012,0]],"o":[[0,455.012],[-455.012,0],[0,-455.012],[455.012,0]],"v":[[823.872,0],[0,823.872],[-823.872,0],[0,-823.872]],"c":true},"ix":2},"nm":"Path 1","mn":"ADBE Vector Shape - Group","hd":false},{"ty":"fl","c":{"a":0,"k":[0.792156862745,0.854901960784,0.866666666667,1],"ix":4},"o":{"a":0,"k":100,"ix":5},"r":1,"bm":0,"nm":"Fill 1","mn":"ADBE Vector Graphic - Fill","hd":false},{"ty":"tr","p":{"a":0,"k":[824.122,824.122],"ix":2},"a":{"a":0,"k":[0,0],"ix":1},"s":{"a":0,"k":[100,100],"ix":3},"r":{"a":0,"k":0,"ix":6},"o":{"a":0,"k":100,"ix":7},"sk":{"a":0,"k":0,"ix":4},"sa":{"a":0,"k":0,"ix":5},"nm":"Transform"}],"nm":"Group 8","np":2,"cix":2,"bm":0,"ix":1,"mn":"ADBE Vector Group","hd":false}],"ip":0,"op":535.416666666667,"st":0,"bm":0}],"markers":[]}