{"v":"4.8.0","meta":{"g":"LottieFiles AE 1.0.0","a":"","k":"","d":"","tc":""},"fr":30,"ip":0,"op":120,"w":800,"h":600,"nm":"Woman 02","ddd":0,"assets":[],"layers":[{"ddd":0,"ind":1,"ty":4,"nm":"Hair Front","parent":5,"sr":1,"ks":{"o":{"a":0,"k":100,"ix":11},"r":{"a":0,"k":0,"ix":10},"p":{"a":0,"k":[0,-43.863,0],"ix":2},"a":{"a":0,"k":[400.002,157.319,0],"ix":1},"s":{"a":0,"k":[100,100,100],"ix":6}},"ao":0,"shapes":[{"ty":"gr","it":[{"ty":"gr","it":[{"ind":0,"ty":"sh","ix":1,"ks":{"a":0,"k":{"i":[[22.176,-20.184],[0.76,-13.175],[-10.854,-5.09],[-18.218,14.27],[-2.271,-3.731],[-14.63,1.642],[46.454,29.267]],"o":[[-14.468,13.169],[-0.77,13.338],[27.646,12.963],[3.439,-2.694],[7.883,12.951],[19.513,-2.19],[-46.376,-29.218]],"v":[[-62.346,-35.956],[-88.849,11.967],[-75.05,53.223],[22.543,27.845],[33.277,29.775],[73.372,43.948],[54.736,-39.826]],"c":true},"ix":2},"nm":"Path 1","mn":"ADBE Vector Shape - Group","hd":false},{"ty":"fl","c":{"a":0,"k":[0.337254911661,0.235294118524,0,1],"ix":4},"o":{"a":0,"k":100,"ix":5},"r":1,"bm":0,"nm":"Fill 1","mn":"ADBE Vector Graphic - Fill","hd":false},{"ty":"tr","p":{"a":0,"k":[0,0],"ix":2},"a":{"a":0,"k":[0,0],"ix":1},"s":{"a":0,"k":[100,100],"ix":3},"r":{"a":0,"k":0,"ix":6},"o":{"a":0,"k":100,"ix":7},"sk":{"a":0,"k":0,"ix":4},"sa":{"a":0,"k":0,"ix":5},"nm":"Transform"}],"nm":"Group 1","np":2,"cix":2,"bm":0,"ix":1,"mn":"ADBE Vector Group","hd":false},{"ty":"tr","p":{"a":0,"k":[400.002,142.56],"ix":2},"a":{"a":0,"k":[0,0],"ix":1},"s":{"a":0,"k":[100,100],"ix":3},"r":{"a":0,"k":0,"ix":6},"o":{"a":0,"k":100,"ix":7},"sk":{"a":0,"k":0,"ix":4},"sa":{"a":0,"k":0,"ix":5},"nm":"Transform"}],"nm":"Group 1","np":1,"cix":2,"bm":0,"ix":1,"mn":"ADBE Vector Group","hd":false},{"ty":"gr","it":[{"ty":"gr","it":[{"ty":"gr","it":[{"ind":0,"ty":"sh","ix":1,"ks":{"a":0,"k":{"i":[[5.357,-23.883],[-3.669,17.121],[0,0]],"o":[[0,0],[0,0],[0,0]],"v":[[2.43,29.517],[-4.907,-19.49],[4.856,-29.517]],"c":true},"ix":2},"nm":"Path 1","mn":"ADBE Vector Shape - Group","hd":false},{"ty":"fl","c":{"a":0,"k":[0.337254911661,0.235294118524,0,1],"ix":4},"o":{"a":0,"k":100,"ix":5},"r":1,"bm":0,"nm":"Fill 1","mn":"ADBE Vector Graphic - Fill","hd":false},{"ty":"tr","p":{"a":0,"k":[0,0],"ix":2},"a":{"a":0,"k":[0,0],"ix":1},"s":{"a":0,"k":[100,100],"ix":3},"r":{"a":0,"k":0,"ix":6},"o":{"a":0,"k":100,"ix":7},"sk":{"a":0,"k":0,"ix":4},"sa":{"a":0,"k":0,"ix":5},"nm":"Transform"}],"nm":"Group 1","np":2,"cix":2,"bm":0,"ix":1,"mn":"ADBE Vector Group","hd":false},{"ty":"tr","p":{"a":0,"k":[480.499,199.491],"ix":2},"a":{"a":0,"k":[0,0],"ix":1},"s":{"a":0,"k":[100,100],"ix":3},"r":{"a":0,"k":0,"ix":6},"o":{"a":0,"k":100,"ix":7},"sk":{"a":0,"k":0,"ix":4},"sa":{"a":0,"k":0,"ix":5},"nm":"Transform"}],"nm":"Group 1","np":1,"cix":2,"bm":0,"ix":1,"mn":"ADBE Vector Group","hd":false},{"ty":"gr","it":[{"ty":"gr","it":[{"ind":0,"ty":"sh","ix":1,"ks":{"a":0,"k":{"i":[[-0.426,-3.779],[6.119,31.121],[0,0]],"o":[[0,0],[0,0],[0,0]],"v":[[-2.204,28.09],[5.219,-28.09],[-6.807,-14.976]],"c":true},"ix":2},"nm":"Path 1","mn":"ADBE Vector Shape - Group","hd":false},{"ty":"fl","c":{"a":0,"k":[0.337254911661,0.235294118524,0,1],"ix":4},"o":{"a":0,"k":100,"ix":5},"r":1,"bm":0,"nm":"Fill 1","mn":"ADBE Vector Graphic - Fill","hd":false},{"ty":"tr","p":{"a":0,"k":[0,0],"ix":2},"a":{"a":0,"k":[0,0],"ix":1},"s":{"a":0,"k":[100,100],"ix":3},"r":{"a":0,"k":0,"ix":6},"o":{"a":0,"k":100,"ix":7},"sk":{"a":0,"k":0,"ix":4},"sa":{"a":0,"k":0,"ix":5},"nm":"Transform"}],"nm":"Group 1","np":2,"cix":2,"bm":0,"ix":1,"mn":"ADBE Vector Group","hd":false},{"ty":"tr","p":{"a":0,"k":[319.272,200.785],"ix":2},"a":{"a":0,"k":[0,0],"ix":1},"s":{"a":0,"k":[100,100],"ix":3},"r":{"a":0,"k":0,"ix":6},"o":{"a":0,"k":100,"ix":7},"sk":{"a":0,"k":0,"ix":4},"sa":{"a":0,"k":0,"ix":5},"nm":"Transform"}],"nm":"Group 2","np":1,"cix":2,"bm":0,"ix":2,"mn":"ADBE Vector Group","hd":false},{"ty":"tr","p":{"a":0,"k":[319.272,200.785],"ix":2},"a":{"a":0,"k":[319.272,200.785],"ix":1},"s":{"a":0,"k":[100,100],"ix":3},"r":{"a":0,"k":0,"ix":6},"o":{"a":0,"k":100,"ix":7},"sk":{"a":0,"k":0,"ix":4},"sa":{"a":0,"k":0,"ix":5},"nm":"Transform"}],"nm":"Group 2","np":2,"cix":2,"bm":0,"ix":2,"mn":"ADBE Vector Group","hd":false}],"ip":0,"op":180,"st":0,"bm":0},{"ddd":0,"ind":2,"ty":4,"nm":"Eyes","parent":5,"sr":1,"ks":{"o":{"a":0,"k":100,"ix":11},"r":{"a":0,"k":0,"ix":10},"p":{"a":0,"k":[-1.017,13.288,0],"ix":2},"a":{"a":0,"k":[398.985,214.47,0],"ix":1},"s":{"a":1,"k":[{"i":{"x":[0.667,0.667,0.667],"y":[1,1,1]},"o":{"x":[0.333,0.333,0.333],"y":[0,0,0]},"t":12,"s":[100,100,100]},{"i":{"x":[0.667,0.667,0.667],"y":[1,1,1]},"o":{"x":[0.333,0.333,0.333],"y":[0,0,0]},"t":15.5,"s":[100,10,100]},{"t":19,"s":[100,100,100]}],"ix":6}},"ao":0,"shapes":[{"ty":"gr","it":[{"ind":0,"ty":"sh","ix":1,"ks":{"a":1,"k":[{"i":{"x":0.667,"y":1},"o":{"x":0.333,"y":0},"t":43,"s":[{"i":[[7.169,0],[0,0],[0,7.169],[0,0],[-7.169,0],[0,0],[0,-7.169],[0,0]],"o":[[0,0],[-7.169,0],[0,0],[0,-7.169],[0,0],[7.169,0],[0,0],[0,7.169]],"v":[[0.043,21.055],[0.043,21.055],[-12.937,8.074],[-12.937,8.074],[0.043,-4.906],[0.043,-4.906],[13.023,8.074],[13.023,8.074]],"c":true}]},{"i":{"x":0.667,"y":1},"o":{"x":0.333,"y":0},"t":50,"s":[{"i":[[7.169,0],[0,0],[0,7.169],[0,0],[-7.169,0],[0,0],[0,-7.169],[0,0]],"o":[[0,0],[-7.169,0],[0,0],[0,-7.169],[0,0],[7.169,0],[0,0],[0,7.169]],"v":[[0.043,12.055],[0.043,12.055],[-12.937,8.074],[-12.937,8.074],[0.043,-4.906],[0.043,-4.906],[13.023,8.074],[13.023,8.074]],"c":true}]},{"i":{"x":0.667,"y":1},"o":{"x":0.333,"y":0},"t":80,"s":[{"i":[[7.169,0],[0,0],[0,7.169],[0,0],[-7.169,0],[0,0],[0,-7.169],[0,0]],"o":[[0,0],[-7.169,0],[0,0],[0,-7.169],[0,0],[7.169,0],[0,0],[0,7.169]],"v":[[0.043,12.055],[0.043,12.055],[-12.937,8.074],[-12.937,8.074],[0.043,-4.906],[0.043,-4.906],[13.023,8.074],[13.023,8.074]],"c":true}]},{"t":86,"s":[{"i":[[7.169,0],[0,0],[0,7.169],[0,0],[-7.169,0],[0,0],[0,-7.169],[0,0]],"o":[[0,0],[-7.169,0],[0,0],[0,-7.169],[0,0],[7.169,0],[0,0],[0,7.169]],"v":[[0.043,21.055],[0.043,21.055],[-12.937,8.074],[-12.937,8.074],[0.043,-4.906],[0.043,-4.906],[13.023,8.074],[13.023,8.074]],"c":true}]}],"ix":2},"nm":"Path 1","mn":"ADBE Vector Shape - Group","hd":false},{"ty":"fl","c":{"a":0,"k":[0.337254911661,0.235294118524,0,1],"ix":4},"o":{"a":0,"k":100,"ix":5},"r":1,"bm":0,"nm":"Fill 1","mn":"ADBE Vector Graphic - Fill","hd":false},{"ty":"tr","p":{"a":0,"k":[433.903,214.47],"ix":2},"a":{"a":0,"k":[0,0],"ix":1},"s":{"a":0,"k":[100,100],"ix":3},"r":{"a":0,"k":0,"ix":6},"o":{"a":0,"k":100,"ix":7},"sk":{"a":0,"k":0,"ix":4},"sa":{"a":0,"k":0,"ix":5},"nm":"Transform"}],"nm":"Group 1","np":2,"cix":2,"bm":0,"ix":1,"mn":"ADBE Vector Group","hd":false},{"ty":"gr","it":[{"ind":0,"ty":"sh","ix":1,"ks":{"a":1,"k":[{"i":{"x":0.667,"y":1},"o":{"x":0.333,"y":0},"t":43,"s":[{"i":[[7.169,0],[0,0],[0,7.169],[0,0],[-7.169,0],[0,0],[0,-7.169],[0,0]],"o":[[0,0],[-7.169,0],[0,0],[0,-7.169],[0,0],[7.169,0],[0,0],[0,7.169]],"v":[[0.043,21.055],[0.043,21.055],[-12.937,8.074],[-12.937,8.074],[0.043,-4.906],[0.043,-4.906],[13.023,8.074],[13.023,8.074]],"c":true}]},{"i":{"x":0.667,"y":1},"o":{"x":0.333,"y":0},"t":50,"s":[{"i":[[7.169,0],[0,0],[0,7.169],[0,0],[-7.169,0],[0,0],[0,-7.169],[0,0]],"o":[[0,0],[-7.169,0],[0,0],[0,-7.169],[0,0],[7.169,0],[0,0],[0,7.169]],"v":[[0.043,12.055],[0.043,12.055],[-12.937,8.074],[-12.937,8.074],[0.043,-4.906],[0.043,-4.906],[13.023,8.074],[13.023,8.074]],"c":true}]},{"i":{"x":0.667,"y":1},"o":{"x":0.333,"y":0},"t":80,"s":[{"i":[[7.169,0],[0,0],[0,7.169],[0,0],[-7.169,0],[0,0],[0,-7.169],[0,0]],"o":[[0,0],[-7.169,0],[0,0],[0,-7.169],[0,0],[7.169,0],[0,0],[0,7.169]],"v":[[0.043,12.055],[0.043,12.055],[-12.937,8.074],[-12.937,8.074],[0.043,-4.906],[0.043,-4.906],[13.023,8.074],[13.023,8.074]],"c":true}]},{"t":86,"s":[{"i":[[7.169,0],[0,0],[0,7.169],[0,0],[-7.169,0],[0,0],[0,-7.169],[0,0]],"o":[[0,0],[-7.169,0],[0,0],[0,-7.169],[0,0],[7.169,0],[0,0],[0,7.169]],"v":[[0.043,21.055],[0.043,21.055],[-12.937,8.074],[-12.937,8.074],[0.043,-4.906],[0.043,-4.906],[13.023,8.074],[13.023,8.074]],"c":true}]}],"ix":2},"nm":"Path 1","mn":"ADBE Vector Shape - Group","hd":false},{"ty":"fl","c":{"a":0,"k":[0.337254911661,0.235294118524,0,1],"ix":4},"o":{"a":0,"k":100,"ix":5},"r":1,"bm":0,"nm":"Fill 1","mn":"ADBE Vector Graphic - Fill","hd":false},{"ty":"tr","p":{"a":0,"k":[364.068,214.47],"ix":2},"a":{"a":0,"k":[0,0],"ix":1},"s":{"a":0,"k":[100,100],"ix":3},"r":{"a":0,"k":0,"ix":6},"o":{"a":0,"k":100,"ix":7},"sk":{"a":0,"k":0,"ix":4},"sa":{"a":0,"k":0,"ix":5},"nm":"Transform"}],"nm":"Group 2","np":2,"cix":2,"bm":0,"ix":2,"mn":"ADBE Vector Group","hd":false}],"ip":0,"op":180,"st":0,"bm":0},{"ddd":0,"ind":3,"ty":4,"nm":"Nose","parent":5,"sr":1,"ks":{"o":{"a":0,"k":100,"ix":11},"r":{"a":0,"k":0,"ix":10},"p":{"a":0,"k":[0.145,30.958,0],"ix":2},"a":{"a":0,"k":[0,0,0],"ix":1},"s":{"a":0,"k":[100,100,100],"ix":6}},"ao":0,"shapes":[{"ty":"gr","it":[{"ind":0,"ty":"sh","ix":1,"ks":{"a":0,"k":{"i":[[5.311,0],[0,0],[-0.512,5.286],[0,0],[-3.68,0],[0,0],[-0.355,-3.663],[0,0]],"o":[[0,0],[-5.311,0],[0,0],[0.355,-3.663],[0,0],[3.68,0],[0,0],[0.512,5.286]],"v":[[0,17.67],[0,17.67],[-8.954,7.808],[-7.113,-11.212],[0,-17.67],[0,-17.67],[7.113,-11.212],[8.954,7.808]],"c":true},"ix":2},"nm":"Path 1","mn":"ADBE Vector Shape - Group","hd":false},{"ty":"fl","c":{"a":0,"k":[0.956862747669,0.780392169952,0.65098041296,1],"ix":4},"o":{"a":0,"k":100,"ix":5},"r":1,"bm":0,"nm":"Fill 1","mn":"ADBE Vector Graphic - Fill","hd":false},{"ty":"tr","p":{"a":0,"k":[0,0],"ix":2},"a":{"a":0,"k":[0,0],"ix":1},"s":{"a":0,"k":[100,100],"ix":3},"r":{"a":0,"k":0,"ix":6},"o":{"a":0,"k":100,"ix":7},"sk":{"a":0,"k":0,"ix":4},"sa":{"a":0,"k":0,"ix":5},"nm":"Transform"}],"nm":"Group 1","np":2,"cix":2,"bm":0,"ix":1,"mn":"ADBE Vector Group","hd":false}],"ip":0,"op":180,"st":0,"bm":0},{"ddd":0,"ind":4,"ty":4,"nm":"Mounth","parent":5,"sr":1,"ks":{"o":{"a":0,"k":100,"ix":11},"r":{"a":0,"k":0,"ix":10},"p":{"a":0,"k":[0,68.423,0],"ix":2},"a":{"a":0,"k":[0,0,0],"ix":1},"s":{"a":1,"k":[{"i":{"x":[0.667,0.667,0.667],"y":[1,1,1]},"o":{"x":[0.333,0.333,0.333],"y":[0,0,0]},"t":42,"s":[75,75,100]},{"i":{"x":[0.667,0.667,0.667],"y":[1,1,1]},"o":{"x":[0.333,0.333,0.333],"y":[0,0,0]},"t":49,"s":[100,100,100]},{"i":{"x":[0.667,0.667,0.667],"y":[1,1,1]},"o":{"x":[0.333,0.333,0.333],"y":[0,0,0]},"t":79,"s":[100,100,100]},{"t":86,"s":[75,75,100]}],"ix":6}},"ao":0,"shapes":[{"ty":"gr","it":[{"ind":0,"ty":"sh","ix":1,"ks":{"a":0,"k":{"i":[[16.465,0],[0,0],[0,16.465],[0,0]],"o":[[0,0],[-16.465,0],[0,0],[0,16.465]],"v":[[0,14.906],[0,14.906],[-29.813,-14.906],[29.813,-14.906]],"c":true},"ix":2},"nm":"Path 1","mn":"ADBE Vector Shape - Group","hd":false},{"ty":"fl","c":{"a":0,"k":[1,1,1,1],"ix":4},"o":{"a":0,"k":100,"ix":5},"r":1,"bm":0,"nm":"Fill 1","mn":"ADBE Vector Graphic - Fill","hd":false},{"ty":"tr","p":{"a":0,"k":[0,0],"ix":2},"a":{"a":0,"k":[0,0],"ix":1},"s":{"a":0,"k":[100,100],"ix":3},"r":{"a":0,"k":0,"ix":6},"o":{"a":0,"k":100,"ix":7},"sk":{"a":0,"k":0,"ix":4},"sa":{"a":0,"k":0,"ix":5},"nm":"Transform"}],"nm":"Group 1","np":2,"cix":2,"bm":0,"ix":1,"mn":"ADBE Vector Group","hd":false}],"ip":0,"op":180,"st":0,"bm":0},{"ddd":0,"ind":5,"ty":4,"nm":"Head","parent":7,"sr":1,"ks":{"o":{"a":0,"k":100,"ix":11},"r":{"a":0,"k":0,"ix":10},"p":{"a":0,"k":[400.002,201.182,0],"ix":2},"a":{"a":0,"k":[0,0,0],"ix":1},"s":{"a":0,"k":[100,100,100],"ix":6}},"ao":0,"shapes":[{"ty":"gr","it":[{"ind":0,"ty":"sh","ix":1,"ks":{"a":0,"k":{"i":[[27.052,-19.44],[0,0],[24.388,17.525],[0,0],[0,33.312],[0,0],[-46.339,0],[0,0],[0,-46.339],[0,0]],"o":[[0,0],[-24.388,17.525],[0,0],[-27.052,-19.44],[0,0],[0,-46.339],[0,0],[46.339,0],[0,0],[0,33.312]],"v":[[40.814,97.341],[40.814,97.341],[-40.814,97.341],[-40.814,97.341],[-83.904,13.315],[-83.904,-26.582],[0,-110.486],[0,-110.486],[83.904,-26.582],[83.904,13.315]],"c":true},"ix":2},"nm":"Path 1","mn":"ADBE Vector Shape - Group","hd":false},{"ty":"fl","c":{"a":0,"k":[1,0.850980401039,0.733333349228,1],"ix":4},"o":{"a":0,"k":100,"ix":5},"r":1,"bm":0,"nm":"Fill 1","mn":"ADBE Vector Graphic - Fill","hd":false},{"ty":"tr","p":{"a":0,"k":[0,0],"ix":2},"a":{"a":0,"k":[0,0],"ix":1},"s":{"a":0,"k":[100,100],"ix":3},"r":{"a":0,"k":0,"ix":6},"o":{"a":0,"k":100,"ix":7},"sk":{"a":0,"k":0,"ix":4},"sa":{"a":0,"k":0,"ix":5},"nm":"Transform"}],"nm":"Group 1","np":2,"cix":2,"bm":0,"ix":1,"mn":"ADBE Vector Group","hd":false}],"ip":0,"op":180,"st":0,"bm":0},{"ddd":0,"ind":6,"ty":4,"nm":"Ears","parent":5,"sr":1,"ks":{"o":{"a":0,"k":100,"ix":11},"r":{"a":0,"k":0,"ix":10},"p":{"a":0,"k":[0,25.225,0],"ix":2},"a":{"a":0,"k":[400.003,226.407,0],"ix":1},"s":{"a":0,"k":[100,100,100],"ix":6}},"ao":0,"shapes":[{"ty":"gr","it":[{"ind":0,"ty":"sh","ix":1,"ks":{"a":0,"k":{"i":[[0,-8.991],[8.991,0],[0,8.991],[-8.991,0]],"o":[[0,8.991],[-8.991,0],[0,-8.991],[8.991,0]],"v":[[16.28,0],[0,16.28],[-16.28,0],[0,-16.28]],"c":true},"ix":2},"nm":"Path 1","mn":"ADBE Vector Shape - Group","hd":false},{"ty":"fl","c":{"a":0,"k":[0.964705884457,0.78823530674,0.654901981354,1],"ix":4},"o":{"a":0,"k":100,"ix":5},"r":1,"bm":0,"nm":"Fill 1","mn":"ADBE Vector Graphic - Fill","hd":false},{"ty":"tr","p":{"a":0,"k":[316.099,226.407],"ix":2},"a":{"a":0,"k":[0,0],"ix":1},"s":{"a":0,"k":[100,100],"ix":3},"r":{"a":0,"k":0,"ix":6},"o":{"a":0,"k":100,"ix":7},"sk":{"a":0,"k":0,"ix":4},"sa":{"a":0,"k":0,"ix":5},"nm":"Transform"}],"nm":"Group 1","np":2,"cix":2,"bm":0,"ix":1,"mn":"ADBE Vector Group","hd":false},{"ty":"gr","it":[{"ind":0,"ty":"sh","ix":1,"ks":{"a":0,"k":{"i":[[0,-8.991],[8.991,0],[0,8.991],[-8.991,0]],"o":[[0,8.991],[-8.991,0],[0,-8.991],[8.991,0]],"v":[[16.28,0],[0,16.28],[-16.28,0],[0,-16.28]],"c":true},"ix":2},"nm":"Path 1","mn":"ADBE Vector Shape - Group","hd":false},{"ty":"fl","c":{"a":0,"k":[0.964705884457,0.78823530674,0.654901981354,1],"ix":4},"o":{"a":0,"k":100,"ix":5},"r":1,"bm":0,"nm":"Fill 1","mn":"ADBE Vector Graphic - Fill","hd":false},{"ty":"tr","p":{"a":0,"k":[483.906,226.407],"ix":2},"a":{"a":0,"k":[0,0],"ix":1},"s":{"a":0,"k":[100,100],"ix":3},"r":{"a":0,"k":0,"ix":6},"o":{"a":0,"k":100,"ix":7},"sk":{"a":0,"k":0,"ix":4},"sa":{"a":0,"k":0,"ix":5},"nm":"Transform"}],"nm":"Group 2","np":2,"cix":2,"bm":0,"ix":2,"mn":"ADBE Vector Group","hd":false}],"ip":0,"op":180,"st":0,"bm":0},{"ddd":0,"ind":7,"ty":4,"nm":"Neck","sr":1,"ks":{"o":{"a":0,"k":100,"ix":11},"r":{"a":1,"k":[{"i":{"x":[0],"y":[1]},"o":{"x":[0.305],"y":[0]},"t":44,"s":[0]},{"i":{"x":[0.667],"y":[1]},"o":{"x":[0.333],"y":[0]},"t":52,"s":[10]},{"i":{"x":[0.616],"y":[1]},"o":{"x":[0.861],"y":[0]},"t":79,"s":[10]},{"i":{"x":[0.67],"y":[1]},"o":{"x":[0.775],"y":[0]},"t":87,"s":[-3]},{"i":{"x":[0.721],"y":[1]},"o":{"x":[1],"y":[0]},"t":91,"s":[1]},{"t":94,"s":[0]}],"ix":10},"p":{"a":0,"k":[400.002,371.361,0],"ix":2},"a":{"a":0,"k":[400.002,371.361,0],"ix":1},"s":{"a":0,"k":[100,100,100],"ix":6}},"ao":0,"shapes":[{"ty":"gr","it":[{"ind":0,"ty":"sh","ix":1,"ks":{"a":1,"k":[{"i":{"x":0.833,"y":0.833},"o":{"x":0.333,"y":0},"t":43,"s":[{"i":[[0,-9.366],[0,0],[19.704,12.955],[0,0],[-18.718,0],[-6.13,-6.143]],"o":[[0,0],[-24.924,-1.593],[0,0],[0,-18.718],[9.365,0],[6.13,6.13]],"v":[[33.941,-21.033],[33.941,71.079],[-33.855,48.43],[-33.855,-21.033],[0.043,-54.931],[24.019,-44.997]],"c":true}]},{"i":{"x":0.833,"y":0.833},"o":{"x":0.167,"y":0.167},"t":50,"s":[{"i":[[0,-9.366],[0,0],[10.542,8.365],[0,0],[-18.718,0],[-6.13,-6.143]],"o":[[0,0],[-25.946,2.081],[0,0],[0,-18.718],[9.365,0],[6.13,6.13]],"v":[[33.941,-21.033],[33.834,58.493],[-34.216,43.178],[-33.855,-21.033],[0.043,-54.931],[24.019,-44.997]],"c":true}]},{"i":{"x":0.667,"y":1},"o":{"x":0.167,"y":0.167},"t":82,"s":[{"i":[[0,-9.366],[0,0],[10.542,8.365],[0,0],[-18.718,0],[-6.13,-6.143]],"o":[[0,0],[-25.946,2.081],[0,0],[0,-18.718],[9.365,0],[6.13,6.13]],"v":[[33.941,-21.033],[33.834,58.493],[-34.216,43.178],[-33.855,-21.033],[0.043,-54.931],[24.019,-44.997]],"c":true}]},{"t":90,"s":[{"i":[[0,-9.366],[0,0],[19.704,12.955],[0,0],[-18.718,0],[-6.13,-6.143]],"o":[[0,0],[-24.924,-1.593],[0,0],[0,-18.718],[9.365,0],[6.13,6.13]],"v":[[33.941,-21.033],[33.941,71.079],[-33.855,48.43],[-33.855,-21.033],[0.043,-54.931],[24.019,-44.997]],"c":true}]}],"ix":2},"nm":"Path 1","mn":"ADBE Vector Shape - Group","hd":false},{"ty":"fl","c":{"a":0,"k":[0.956862747669,0.780392169952,0.65098041296,1],"ix":4},"o":{"a":0,"k":100,"ix":5},"r":1,"bm":0,"nm":"Fill 1","mn":"ADBE Vector Graphic - Fill","hd":false},{"ty":"tr","p":{"a":0,"k":[400,260.092],"ix":2},"a":{"a":0,"k":[0,0],"ix":1},"s":{"a":0,"k":[100,100],"ix":3},"r":{"a":0,"k":0,"ix":6},"o":{"a":0,"k":100,"ix":7},"sk":{"a":0,"k":0,"ix":4},"sa":{"a":0,"k":0,"ix":5},"nm":"Transform"}],"nm":"Group 1","np":2,"cix":2,"bm":0,"ix":1,"mn":"ADBE Vector Group","hd":false},{"ty":"gr","it":[{"ind":0,"ty":"sh","ix":1,"ks":{"a":0,"k":{"i":[[18.723,0],[0,0],[0,18.723],[0,0],[-18.723,0],[0,0],[0,-18.723],[0,0]],"o":[[0,0],[-18.723,0],[0,0],[0,-18.723],[0,0],[18.723,0],[0,0],[0,18.723]],"v":[[0,83.116],[0,83.116],[-33.9,49.216],[-33.9,-49.216],[0,-83.116],[0,-83.116],[33.9,-49.216],[33.9,49.216]],"c":true},"ix":2},"nm":"Path 1","mn":"ADBE Vector Shape - Group","hd":false},{"ty":"fl","c":{"a":0,"k":[1,0.850980401039,0.733333349228,1],"ix":4},"o":{"a":0,"k":100,"ix":5},"r":1,"bm":0,"nm":"Fill 1","mn":"ADBE Vector Graphic - Fill","hd":false},{"ty":"tr","p":{"a":0,"k":[400.002,288.245],"ix":2},"a":{"a":0,"k":[0,0],"ix":1},"s":{"a":0,"k":[100,100],"ix":3},"r":{"a":0,"k":0,"ix":6},"o":{"a":0,"k":100,"ix":7},"sk":{"a":0,"k":0,"ix":4},"sa":{"a":0,"k":0,"ix":5},"nm":"Transform"}],"nm":"Group 2","np":2,"cix":2,"bm":0,"ix":2,"mn":"ADBE Vector Group","hd":false}],"ip":0,"op":180,"st":0,"bm":0},{"ddd":0,"ind":8,"ty":4,"nm":"Body","sr":1,"ks":{"o":{"a":0,"k":100,"ix":11},"r":{"a":0,"k":0,"ix":10},"p":{"a":0,"k":[399.995,516.99,0],"ix":2},"a":{"a":0,"k":[399.995,516.99,0],"ix":1},"s":{"a":1,"k":[{"i":{"x":[0.667,0.667,0.667],"y":[1,1,1]},"o":{"x":[0.333,0.333,0.333],"y":[0,0,0]},"t":44,"s":[100,100,100]},{"i":{"x":[0.667,0.667,0.667],"y":[1,1,1]},"o":{"x":[0.333,0.333,0.333],"y":[0,0,0]},"t":50,"s":[100,106,100]},{"i":{"x":[0.667,0.667,0.667],"y":[1,1,1]},"o":{"x":[0.333,0.333,0.333],"y":[0,0,0]},"t":79,"s":[100,106,100]},{"t":86,"s":[100,100,100]}],"ix":6}},"ao":0,"shapes":[{"ty":"gr","it":[{"ty":"gr","it":[{"ty":"gr","it":[{"ind":0,"ty":"sh","ix":1,"ks":{"a":0,"k":{"i":[[0,0],[0,0],[-0.83,0],[0,-0.83],[0,0]],"o":[[0,0],[0,-0.83],[0.83,0],[0,0],[0,0]],"v":[[-1.5,23.87],[-1.5,-22.37],[0,-23.87],[1.5,-22.37],[1.5,21.94]],"c":true},"ix":2},"nm":"Path 1","mn":"ADBE Vector Shape - Group","hd":false},{"ty":"fl","c":{"a":0,"k":[0.890196084976,0.890196084976,0.890196084976,1],"ix":4},"o":{"a":0,"k":100,"ix":5},"r":1,"bm":0,"nm":"Fill 1","mn":"ADBE Vector Graphic - Fill","hd":false},{"ty":"tr","p":{"a":0,"k":[0,0],"ix":2},"a":{"a":0,"k":[0,0],"ix":1},"s":{"a":0,"k":[100,100],"ix":3},"r":{"a":0,"k":0,"ix":6},"o":{"a":0,"k":100,"ix":7},"sk":{"a":0,"k":0,"ix":4},"sa":{"a":0,"k":0,"ix":5},"nm":"Transform"}],"nm":"Group 1","np":2,"cix":2,"bm":0,"ix":1,"mn":"ADBE Vector Group","hd":false},{"ty":"tr","p":{"a":0,"k":[509.804,461.839],"ix":2},"a":{"a":0,"k":[0,0],"ix":1},"s":{"a":0,"k":[100,100],"ix":3},"r":{"a":0,"k":0,"ix":6},"o":{"a":0,"k":100,"ix":7},"sk":{"a":0,"k":0,"ix":4},"sa":{"a":0,"k":0,"ix":5},"nm":"Transform"}],"nm":"Group 1","np":1,"cix":2,"bm":0,"ix":1,"mn":"ADBE Vector Group","hd":false},{"ty":"gr","it":[{"ty":"gr","it":[{"ind":0,"ty":"sh","ix":1,"ks":{"a":0,"k":{"i":[[0,0],[0,0],[-0.83,0],[0,-0.83],[0,0]],"o":[[0,0],[0,-0.83],[0.83,0],[0,0],[0,0]],"v":[[-1.5,22.705],[-1.5,-23.085],[0,-24.585],[1.5,-23.085],[1.5,24.585]],"c":true},"ix":2},"nm":"Path 1","mn":"ADBE Vector Shape - Group","hd":false},{"ty":"fl","c":{"a":0,"k":[0.890196084976,0.890196084976,0.890196084976,1],"ix":4},"o":{"a":0,"k":100,"ix":5},"r":1,"bm":0,"nm":"Fill 1","mn":"ADBE Vector Graphic - Fill","hd":false},{"ty":"tr","p":{"a":0,"k":[0,0],"ix":2},"a":{"a":0,"k":[0,0],"ix":1},"s":{"a":0,"k":[100,100],"ix":3},"r":{"a":0,"k":0,"ix":6},"o":{"a":0,"k":100,"ix":7},"sk":{"a":0,"k":0,"ix":4},"sa":{"a":0,"k":0,"ix":5},"nm":"Transform"}],"nm":"Group 1","np":2,"cix":2,"bm":0,"ix":1,"mn":"ADBE Vector Group","hd":false},{"ty":"tr","p":{"a":0,"k":[292.484,462.554],"ix":2},"a":{"a":0,"k":[0,0],"ix":1},"s":{"a":0,"k":[100,100],"ix":3},"r":{"a":0,"k":0,"ix":6},"o":{"a":0,"k":100,"ix":7},"sk":{"a":0,"k":0,"ix":4},"sa":{"a":0,"k":0,"ix":5},"nm":"Transform"}],"nm":"Group 2","np":1,"cix":2,"bm":0,"ix":2,"mn":"ADBE Vector Group","hd":false},{"ty":"tr","p":{"a":0,"k":[292.484,462.554],"ix":2},"a":{"a":0,"k":[292.484,462.554],"ix":1},"s":{"a":0,"k":[100,100],"ix":3},"r":{"a":0,"k":0,"ix":6},"o":{"a":0,"k":100,"ix":7},"sk":{"a":0,"k":0,"ix":4},"sa":{"a":0,"k":0,"ix":5},"nm":"Transform"}],"nm":"Group 1","np":2,"cix":2,"bm":0,"ix":1,"mn":"ADBE Vector Group","hd":false},{"ty":"gr","it":[{"ind":0,"ty":"sh","ix":1,"ks":{"a":0,"k":{"i":[[0,-0.2],[19.406,-5.461],[0.838,-2.268],[0,0],[1.828,4.948],[0,0],[2.328,0.655],[-0.175,11.601],[-0.003,0.004],[-4.96,0.67],[-8.7,1.74],[-9.21,0],[-16.05,-6.58],[-4.29,-1.05]],"o":[[0,11.504],[-2.328,0.655],[0,0],[-1.828,4.948],[0,0],[-0.838,-2.268],[-19.545,-5.497],[0.003,-0.004],[4.76,-1.22],[8.02,-3.29],[8.69,-1.73],[18.42,0],[4.44,0.6],[0.01,0.2]],"v":[[65.885,-42.27],[33.459,-15.245],[28.408,-10.606],[5.332,51.859],[-5.322,51.859],[-28.398,-10.606],[-33.448,-15.244],[-65.883,-42.5],[-65.875,-42.51],[-51.285,-45.35],[-26.155,-52.93],[0.745,-55.57],[52.775,-45.35],[65.875,-42.87]],"c":true},"ix":2},"nm":"Path 1","mn":"ADBE Vector Shape - Group","hd":false},{"ty":"fl","c":{"a":0,"k":[1,0.850980401039,0.733333349228,1],"ix":4},"o":{"a":0,"k":100,"ix":5},"r":1,"bm":0,"nm":"Fill 1","mn":"ADBE Vector Graphic - Fill","hd":false},{"ty":"tr","p":{"a":0,"k":[399.259,382.969],"ix":2},"a":{"a":0,"k":[0,0],"ix":1},"s":{"a":0,"k":[100,100],"ix":3},"r":{"a":0,"k":0,"ix":6},"o":{"a":0,"k":100,"ix":7},"sk":{"a":0,"k":0,"ix":4},"sa":{"a":0,"k":0,"ix":5},"nm":"Transform"}],"nm":"Group 2","np":2,"cix":2,"bm":0,"ix":2,"mn":"ADBE Vector Group","hd":false},{"ty":"gr","it":[{"ind":0,"ty":"sh","ix":1,"ks":{"a":1,"k":[{"i":{"x":0.667,"y":1},"o":{"x":0.333,"y":0},"t":44,"s":[{"i":[[-11,-47.88],[65.72,0],[37.09,48.44],[-46.96,11.97],[-4.96,0.67],[-8.7,1.74],[-9.21,0],[-16.05,-6.58],[-4.29,-1.05]],"o":[[-37.09,48.44],[-65.72,0],[10.9,-47.38],[4.76,-1.22],[8.02,-3.29],[8.69,-1.73],[18.42,0],[4.44,0.6],[47.67,11.54]],"v":[[161.235,15.125],[0.005,94.795],[-161.235,15.115],[-66.615,-81.735],[-52.025,-84.575],[-26.895,-92.155],[0.005,-94.795],[52.035,-84.575],[65.135,-82.095]],"c":true}]},{"i":{"x":0.667,"y":1},"o":{"x":0.333,"y":0},"t":50,"s":[{"i":[[-11,-47.88],[65.72,0],[37.09,48.44],[-46.96,11.97],[-4.96,0.67],[-8.7,1.74],[-9.21,0],[-16.05,-6.58],[-4.29,-1.05]],"o":[[-37.09,48.44],[-65.72,0],[10.9,-47.38],[4.76,-1.22],[8.02,-3.29],[8.69,-1.73],[18.42,0],[4.44,0.6],[47.67,11.54]],"v":[[161.41,19.665],[0.005,94.795],[-161.06,19.655],[-66.615,-81.735],[-52.025,-84.575],[-26.895,-92.155],[0.005,-94.795],[52.035,-84.575],[65.135,-82.095]],"c":true}]},{"i":{"x":0.667,"y":1},"o":{"x":0.333,"y":0},"t":79,"s":[{"i":[[-11,-47.88],[65.72,0],[37.09,48.44],[-46.96,11.97],[-4.96,0.67],[-8.7,1.74],[-9.21,0],[-16.05,-6.58],[-4.29,-1.05]],"o":[[-37.09,48.44],[-65.72,0],[10.9,-47.38],[4.76,-1.22],[8.02,-3.29],[8.69,-1.73],[18.42,0],[4.44,0.6],[47.67,11.54]],"v":[[161.41,19.665],[0.005,94.795],[-161.06,19.655],[-66.615,-81.735],[-52.025,-84.575],[-26.895,-92.155],[0.005,-94.795],[52.035,-84.575],[65.135,-82.095]],"c":true}]},{"t":86,"s":[{"i":[[-11,-47.88],[65.72,0],[37.09,48.44],[-46.96,11.97],[-4.96,0.67],[-8.7,1.74],[-9.21,0],[-16.05,-6.58],[-4.29,-1.05]],"o":[[-37.09,48.44],[-65.72,0],[10.9,-47.38],[4.76,-1.22],[8.02,-3.29],[8.69,-1.73],[18.42,0],[4.44,0.6],[47.67,11.54]],"v":[[161.235,15.125],[0.005,94.795],[-161.235,15.115],[-66.615,-81.735],[-52.025,-84.575],[-26.895,-92.155],[0.005,-94.795],[52.035,-84.575],[65.135,-82.095]],"c":true}]}],"ix":2},"nm":"Path 1","mn":"ADBE Vector Shape - Group","hd":false},{"ty":"fl","c":{"a":0,"k":[1,1,1,1],"ix":4},"o":{"a":0,"k":100,"ix":5},"r":1,"bm":0,"nm":"Fill 1","mn":"ADBE Vector Graphic - Fill","hd":false},{"ty":"tr","p":{"a":0,"k":[399.995,422.195],"ix":2},"a":{"a":0,"k":[0,0],"ix":1},"s":{"a":0,"k":[100,100],"ix":3},"r":{"a":0,"k":0,"ix":6},"o":{"a":0,"k":100,"ix":7},"sk":{"a":0,"k":0,"ix":4},"sa":{"a":0,"k":0,"ix":5},"nm":"Transform"}],"nm":"Group 3","np":2,"cix":2,"bm":0,"ix":3,"mn":"ADBE Vector Group","hd":false}],"ip":0,"op":180,"st":0,"bm":0},{"ddd":0,"ind":9,"ty":4,"nm":"Hair Back","parent":5,"sr":1,"ks":{"o":{"a":0,"k":100,"ix":11},"r":{"a":1,"k":[{"i":{"x":[0.667],"y":[1]},"o":{"x":[0.333],"y":[0]},"t":44,"s":[0]},{"i":{"x":[0.667],"y":[1]},"o":{"x":[0.333],"y":[0]},"t":86,"s":[0]},{"i":{"x":[0.616],"y":[1]},"o":{"x":[0.861],"y":[0]},"t":91,"s":[2]},{"i":{"x":[0.67],"y":[1]},"o":{"x":[0.775],"y":[0]},"t":99,"s":[-1]},{"i":{"x":[0.721],"y":[1]},"o":{"x":[1],"y":[0]},"t":103,"s":[1]},{"t":106,"s":[0]}],"ix":10},"p":{"a":0,"k":[1.145,-97.202,0],"ix":2},"a":{"a":0,"k":[0,-167.744,0],"ix":1},"s":{"a":0,"k":[100,100,100],"ix":6}},"ao":0,"shapes":[{"ty":"gr","it":[{"ind":0,"ty":"sh","ix":1,"ks":{"a":0,"k":{"i":[[10.196,8.683],[1.48,51.227],[6.294,4.73],[39.016,0],[0,0],[1.481,-51.226],[25.85,-22.013],[10.363,-9.718],[-26.873,-14.211],[-11.479,-11.661],[-37.796,0],[-16.964,14.881],[-13.332,6.032],[22.746,22.486]],"o":[[-25.85,-22.013],[-1.48,-51.226],[-6.294,-4.73],[-39.016,0],[0,0],[-1.48,51.227],[-8.734,7.437],[-25.464,23.881],[14.465,7.649],[12.916,13.12],[41.815,0],[11.001,-9.65],[25.899,-11.718],[-10.819,-10.695]],"v":[[96.282,13.116],[96.804,-82.137],[62.897,-161.994],[-0.881,-186.75],[-61.159,-167.744],[-98.51,-85.44],[-97.988,9.813],[-128.817,35.042],[-118.394,112.048],[-79.086,140.878],[-5.823,167.744],[81.886,135.218],[118.353,111.17],[131.082,40.947]],"c":true},"ix":2},"nm":"Path 1","mn":"ADBE Vector Shape - Group","hd":false},{"ty":"fl","c":{"a":0,"k":[0.337254911661,0.235294118524,0,1],"ix":4},"o":{"a":0,"k":100,"ix":5},"r":1,"bm":0,"nm":"Fill 1","mn":"ADBE Vector Graphic - Fill","hd":false},{"ty":"tr","p":{"a":0,"k":[0,0],"ix":2},"a":{"a":0,"k":[0,0],"ix":1},"s":{"a":0,"k":[100,100],"ix":3},"r":{"a":0,"k":0,"ix":6},"o":{"a":0,"k":100,"ix":7},"sk":{"a":0,"k":0,"ix":4},"sa":{"a":0,"k":0,"ix":5},"nm":"Transform"}],"nm":"Group 1","np":2,"cix":2,"bm":0,"ix":1,"mn":"ADBE Vector Group","hd":false}],"ip":0,"op":180,"st":0,"bm":0},{"ddd":0,"ind":10,"ty":4,"nm":"BG","sr":1,"ks":{"o":{"a":0,"k":25,"ix":11},"r":{"a":0,"k":0,"ix":10},"p":{"a":0,"k":[400,314.035,0],"ix":2},"a":{"a":0,"k":[0,0,0],"ix":1},"s":{"a":0,"k":[100,100,100],"ix":6}},"ao":0,"shapes":[{"ty":"gr","it":[{"ind":0,"ty":"sh","ix":1,"ks":{"a":0,"k":{"i":[[0,-112.092],[112.092,0],[0,112.092],[-112.092,0]],"o":[[0,112.092],[-112.092,0],[0,-112.092],[112.092,0]],"v":[[202.96,0],[0,202.96],[-202.96,0],[0,-202.96]],"c":true},"ix":2},"nm":"Path 1","mn":"ADBE Vector Shape - Group","hd":false},{"ty":"fl","c":{"a":0,"k":[0.486274510622,0.435294121504,0.40000000596,1],"ix":4},"o":{"a":0,"k":100,"ix":5},"r":1,"bm":0,"nm":"Fill 1","mn":"ADBE Vector Graphic - Fill","hd":false},{"ty":"tr","p":{"a":0,"k":[0,0],"ix":2},"a":{"a":0,"k":[0,0],"ix":1},"s":{"a":0,"k":[100,100],"ix":3},"r":{"a":0,"k":0,"ix":6},"o":{"a":0,"k":100,"ix":7},"sk":{"a":0,"k":0,"ix":4},"sa":{"a":0,"k":0,"ix":5},"nm":"Transform"}],"nm":"Group 1","np":2,"cix":2,"bm":0,"ix":1,"mn":"ADBE Vector Group","hd":false}],"ip":0,"op":180,"st":0,"bm":0}],"markers":[]}