{"v":"4.8.0","meta":{"g":"LottieFiles AE ","a":"","k":"","d":"","tc":""},"fr":30,"ip":0,"op":120,"w":800,"h":600,"nm":"Man 04","ddd":0,"assets":[],"layers":[{"ddd":0,"ind":1,"ty":4,"nm":"Hair Front","parent":6,"sr":1,"ks":{"o":{"a":0,"k":100,"ix":11},"r":{"a":0,"k":0,"ix":10},"p":{"a":0,"k":[2.023,-61.537,0],"ix":2},"a":{"a":0,"k":[401.752,142.565,0],"ix":1},"s":{"a":0,"k":[100,100,100],"ix":6}},"ao":0,"shapes":[{"ty":"gr","it":[{"ind":0,"ty":"sh","ix":1,"ks":{"a":0,"k":{"i":[[0,-23.861],[9.754,0],[0,23.861],[-9.754,0]],"o":[[0,23.861],[-9.754,0],[0,-23.861],[9.754,0]],"v":[[17.661,0],[0,43.205],[-17.661,0],[0,-43.205]],"c":true},"ix":2},"nm":"Path 1","mn":"ADBE Vector Shape - Group","hd":false},{"ty":"fl","c":{"a":0,"k":[0.337254911661,0.235294118524,0,1],"ix":4},"o":{"a":0,"k":100,"ix":5},"r":1,"bm":0,"nm":"Fill 1","mn":"ADBE Vector Graphic - Fill","hd":false},{"ty":"tr","p":{"a":0,"k":[320.98,173.094],"ix":2},"a":{"a":0,"k":[0,0],"ix":1},"s":{"a":0,"k":[100,100],"ix":3},"r":{"a":0,"k":0,"ix":6},"o":{"a":0,"k":100,"ix":7},"sk":{"a":0,"k":0,"ix":4},"sa":{"a":0,"k":0,"ix":5},"nm":"Transform"}],"nm":"Group 1","np":2,"cix":2,"bm":0,"ix":1,"mn":"ADBE Vector Group","hd":false},{"ty":"gr","it":[{"ind":0,"ty":"sh","ix":1,"ks":{"a":0,"k":{"i":[[0,-23.861],[9.754,0],[0,23.861],[-9.754,0]],"o":[[0,23.861],[-9.754,0],[0,-23.861],[9.754,0]],"v":[[17.661,0],[0,43.205],[-17.661,0],[0,-43.205]],"c":true},"ix":2},"nm":"Path 1","mn":"ADBE Vector Shape - Group","hd":false},{"ty":"fl","c":{"a":0,"k":[0.337254911661,0.235294118524,0,1],"ix":4},"o":{"a":0,"k":100,"ix":5},"r":1,"bm":0,"nm":"Fill 1","mn":"ADBE Vector Graphic - Fill","hd":false},{"ty":"tr","p":{"a":0,"k":[482.523,173.094],"ix":2},"a":{"a":0,"k":[0,0],"ix":1},"s":{"a":0,"k":[100,100],"ix":3},"r":{"a":0,"k":0,"ix":6},"o":{"a":0,"k":100,"ix":7},"sk":{"a":0,"k":0,"ix":4},"sa":{"a":0,"k":0,"ix":5},"nm":"Transform"}],"nm":"Group 2","np":2,"cix":2,"bm":0,"ix":2,"mn":"ADBE Vector Group","hd":false},{"ty":"gr","it":[{"ind":0,"ty":"sh","ix":1,"ks":{"a":0,"k":{"i":[[0,-18.668],[16.224,0],[0,18.668],[-16.224,0]],"o":[[0,18.668],[-16.224,0],[0,-18.668],[16.224,0]],"v":[[29.376,0],[0,33.802],[-29.376,0],[0,-33.802]],"c":true},"ix":2},"nm":"Path 1","mn":"ADBE Vector Shape - Group","hd":false},{"ty":"fl","c":{"a":0,"k":[0.337254911661,0.235294118524,0,1],"ix":4},"o":{"a":0,"k":100,"ix":5},"r":1,"bm":0,"nm":"Fill 1","mn":"ADBE Vector Graphic - Fill","hd":false},{"ty":"tr","p":{"a":0,"k":[464.863,146.558],"ix":2},"a":{"a":0,"k":[0,0],"ix":1},"s":{"a":0,"k":[100,100],"ix":3},"r":{"a":0,"k":0,"ix":6},"o":{"a":0,"k":100,"ix":7},"sk":{"a":0,"k":0,"ix":4},"sa":{"a":0,"k":0,"ix":5},"nm":"Transform"}],"nm":"Group 3","np":2,"cix":2,"bm":0,"ix":3,"mn":"ADBE Vector Group","hd":false},{"ty":"gr","it":[{"ind":0,"ty":"sh","ix":1,"ks":{"a":0,"k":{"i":[[0,-22.071],[36.613,0],[0,22.071],[-36.613,0]],"o":[[0,22.071],[-36.613,0],[0,-22.071],[36.613,0]],"v":[[66.294,0],[0,39.963],[-66.294,0],[0,-39.963]],"c":true},"ix":2},"nm":"Path 1","mn":"ADBE Vector Shape - Group","hd":false},{"ty":"fl","c":{"a":0,"k":[0.337254911661,0.235294118524,0,1],"ix":4},"o":{"a":0,"k":100,"ix":5},"r":1,"bm":0,"nm":"Fill 1","mn":"ADBE Vector Graphic - Fill","hd":false},{"ty":"tr","p":{"a":0,"k":[412.412,113.975],"ix":2},"a":{"a":0,"k":[0,0],"ix":1},"s":{"a":0,"k":[100,100],"ix":3},"r":{"a":0,"k":0,"ix":6},"o":{"a":0,"k":100,"ix":7},"sk":{"a":0,"k":0,"ix":4},"sa":{"a":0,"k":0,"ix":5},"nm":"Transform"}],"nm":"Group 4","np":2,"cix":2,"bm":0,"ix":4,"mn":"ADBE Vector Group","hd":false},{"ty":"gr","it":[{"ind":0,"ty":"sh","ix":1,"ks":{"a":0,"k":{"i":[[8.4,-23.847],[13.575,4.782],[-8.4,23.847],[-13.575,-4.782]],"o":[[-8.4,23.847],[-13.575,-4.782],[8.4,-23.847],[13.575,4.782]],"v":[[24.579,8.659],[-15.21,43.179],[-24.579,-8.659],[15.21,-43.179]],"c":true},"ix":2},"nm":"Path 1","mn":"ADBE Vector Shape - Group","hd":false},{"ty":"fl","c":{"a":0,"k":[0.337254911661,0.235294118524,0,1],"ix":4},"o":{"a":0,"k":100,"ix":5},"r":1,"bm":0,"nm":"Fill 1","mn":"ADBE Vector Graphic - Fill","hd":false},{"ty":"tr","p":{"a":0,"k":[332.376,146.503],"ix":2},"a":{"a":0,"k":[0,0],"ix":1},"s":{"a":0,"k":[100,100],"ix":3},"r":{"a":0,"k":0,"ix":6},"o":{"a":0,"k":100,"ix":7},"sk":{"a":0,"k":0,"ix":4},"sa":{"a":0,"k":0,"ix":5},"nm":"Transform"}],"nm":"Group 5","np":2,"cix":2,"bm":0,"ix":5,"mn":"ADBE Vector Group","hd":false},{"ty":"gr","it":[{"ind":0,"ty":"sh","ix":1,"ks":{"a":0,"k":{"i":[[-37.048,-21.39],[11.526,-19.963],[37.048,21.39],[-11.526,19.963]],"o":[[37.048,21.39],[-11.526,19.963],[-37.048,-21.39],[11.526,-19.963]],"v":[[20.869,-36.146],[67.082,38.73],[-20.869,36.146],[-67.082,-38.73]],"c":true},"ix":2},"nm":"Path 1","mn":"ADBE Vector Shape - Group","hd":false},{"ty":"fl","c":{"a":0,"k":[0.337254911661,0.235294118524,0,1],"ix":4},"o":{"a":0,"k":100,"ix":5},"r":1,"bm":0,"nm":"Fill 1","mn":"ADBE Vector Graphic - Fill","hd":false},{"ty":"tr","p":{"a":0,"k":[380.874,121.808],"ix":2},"a":{"a":0,"k":[0,0],"ix":1},"s":{"a":0,"k":[100,100],"ix":3},"r":{"a":0,"k":0,"ix":6},"o":{"a":0,"k":100,"ix":7},"sk":{"a":0,"k":0,"ix":4},"sa":{"a":0,"k":0,"ix":5},"nm":"Transform"}],"nm":"Group 6","np":2,"cix":2,"bm":0,"ix":6,"mn":"ADBE Vector Group","hd":false}],"ip":0,"op":180,"st":0,"bm":0},{"ddd":0,"ind":2,"ty":4,"nm":"Brown Eyes","parent":6,"sr":1,"ks":{"o":{"a":0,"k":100,"ix":11},"r":{"a":0,"k":0,"ix":10},"p":{"a":0,"k":[-1.076,-13.462,0],"ix":2},"a":{"a":0,"k":[398.653,190.64,0],"ix":1},"s":{"a":0,"k":[100,100,100],"ix":6}},"ao":0,"shapes":[{"ty":"gr","it":[{"ind":0,"ty":"sh","ix":1,"ks":{"a":0,"k":{"i":[[2.554,0],[0,0],[0,2.554],[0,0],[-2.554,0],[0,0],[0,-2.554],[0,0]],"o":[[0,0],[-2.554,0],[0,0],[0,-2.554],[0,0],[2.554,0],[0,0],[0,2.554]],"v":[[8.357,4.624],[-8.357,4.624],[-12.98,0],[-12.98,0],[-8.357,-4.624],[8.357,-4.624],[12.98,0],[12.98,0]],"c":true},"ix":2},"nm":"Path 1","mn":"ADBE Vector Shape - Group","hd":false},{"ty":"fl","c":{"a":0,"k":[0.337254911661,0.235294118524,0,1],"ix":4},"o":{"a":0,"k":100,"ix":5},"r":1,"bm":0,"nm":"Fill 1","mn":"ADBE Vector Graphic - Fill","hd":false},{"ty":"tr","p":{"a":0,"k":[433.9,190.64],"ix":2},"a":{"a":0,"k":[0,0],"ix":1},"s":{"a":0,"k":[100,100],"ix":3},"r":{"a":0,"k":0,"ix":6},"o":{"a":0,"k":100,"ix":7},"sk":{"a":0,"k":0,"ix":4},"sa":{"a":0,"k":0,"ix":5},"nm":"Transform"}],"nm":"Group 1","np":2,"cix":2,"bm":0,"ix":1,"mn":"ADBE Vector Group","hd":false},{"ty":"gr","it":[{"ind":0,"ty":"sh","ix":1,"ks":{"a":0,"k":{"i":[[2.554,0],[0,0],[0,2.554],[0,0],[-2.554,0],[0,0],[0,-2.554],[0,0]],"o":[[0,0],[-2.554,0],[0,0],[0,-2.554],[0,0],[2.554,0],[0,0],[0,2.554]],"v":[[8.357,4.624],[-8.357,4.624],[-12.98,0],[-12.98,0],[-8.357,-4.624],[8.357,-4.624],[12.98,0],[12.98,0]],"c":true},"ix":2},"nm":"Path 1","mn":"ADBE Vector Shape - Group","hd":false},{"ty":"fl","c":{"a":0,"k":[0.337254911661,0.235294118524,0,1],"ix":4},"o":{"a":0,"k":100,"ix":5},"r":1,"bm":0,"nm":"Fill 1","mn":"ADBE Vector Graphic - Fill","hd":false},{"ty":"tr","p":{"a":0,"k":[363.405,190.64],"ix":2},"a":{"a":0,"k":[0,0],"ix":1},"s":{"a":0,"k":[100,100],"ix":3},"r":{"a":0,"k":0,"ix":6},"o":{"a":0,"k":100,"ix":7},"sk":{"a":0,"k":0,"ix":4},"sa":{"a":0,"k":0,"ix":5},"nm":"Transform"}],"nm":"Group 2","np":2,"cix":2,"bm":0,"ix":2,"mn":"ADBE Vector Group","hd":false}],"ip":0,"op":180,"st":0,"bm":0},{"ddd":0,"ind":3,"ty":4,"nm":"Eyes","parent":6,"sr":1,"ks":{"o":{"a":0,"k":100,"ix":11},"r":{"a":0,"k":0,"ix":10},"p":{"a":0,"k":[-0.746,13.288,0],"ix":2},"a":{"a":0,"k":[398.983,217.39,0],"ix":1},"s":{"a":1,"k":[{"i":{"x":[0.667,0.667,0.667],"y":[1,1,1]},"o":{"x":[0.333,0.333,0.333],"y":[0,0,0]},"t":12,"s":[100,100,100]},{"i":{"x":[0.667,0.667,0.667],"y":[1,1,1]},"o":{"x":[0.333,0.333,0.333],"y":[0,0,0]},"t":15.5,"s":[100,10,100]},{"t":19,"s":[100,100,100]}],"ix":6}},"ao":0,"shapes":[{"ty":"gr","it":[{"ind":0,"ty":"sh","ix":1,"ks":{"a":1,"k":[{"i":{"x":0.833,"y":0.833},"o":{"x":0.167,"y":0.167},"t":45,"s":[{"i":[[5.377,0],[0,0],[0,5.377],[0,0],[-5.377,0],[0,0],[0,-5.377],[0,0]],"o":[[0,0],[-5.377,0],[0,0],[0,-5.377],[0,0],[5.377,0],[0,0],[0,5.377]],"v":[[0,9.735],[0,9.735],[-9.735,0],[-9.735,0],[0,-9.735],[0,-9.735],[9.735,0],[9.735,0]],"c":true}]},{"i":{"x":0.833,"y":0.833},"o":{"x":0.167,"y":0.167},"t":50,"s":[{"i":[[5.377,0],[0,0],[0,5.377],[0,0],[-5.377,0],[0,0],[0,-5.377],[0,0]],"o":[[0,0],[-5.377,0],[0,0],[0,-5.377],[0,0],[5.377,0],[0,0],[0,5.377]],"v":[[0,2.235],[0,2.235],[-9.735,0],[-9.735,0],[0,-9.735],[0,-9.735],[9.735,0],[9.735,0]],"c":true}]},{"i":{"x":0.833,"y":0.833},"o":{"x":0.167,"y":0.167},"t":81,"s":[{"i":[[5.377,0],[0,0],[0,5.377],[0,0],[-5.377,0],[0,0],[0,-5.377],[0,0]],"o":[[0,0],[-5.377,0],[0,0],[0,-5.377],[0,0],[5.377,0],[0,0],[0,5.377]],"v":[[0,2.235],[0,2.235],[-9.735,0],[-9.735,0],[0,-9.735],[0,-9.735],[9.735,0],[9.735,0]],"c":true}]},{"t":85,"s":[{"i":[[5.377,0],[0,0],[0,5.377],[0,0],[-5.377,0],[0,0],[0,-5.377],[0,0]],"o":[[0,0],[-5.377,0],[0,0],[0,-5.377],[0,0],[5.377,0],[0,0],[0,5.377]],"v":[[0,9.735],[0,9.735],[-9.735,0],[-9.735,0],[0,-9.735],[0,-9.735],[9.735,0],[9.735,0]],"c":true}]}],"ix":2},"nm":"Path 1","mn":"ADBE Vector Shape - Group","hd":false},{"ty":"fl","c":{"a":0,"k":[0.337254911661,0.235294118524,0,1],"ix":4},"o":{"a":0,"k":100,"ix":5},"r":1,"bm":0,"nm":"Fill 1","mn":"ADBE Vector Graphic - Fill","hd":false},{"ty":"tr","p":{"a":0,"k":[433.9,217.39],"ix":2},"a":{"a":0,"k":[0,0],"ix":1},"s":{"a":0,"k":[100,100],"ix":3},"r":{"a":0,"k":0,"ix":6},"o":{"a":0,"k":100,"ix":7},"sk":{"a":0,"k":0,"ix":4},"sa":{"a":0,"k":0,"ix":5},"nm":"Transform"}],"nm":"Group 1","np":2,"cix":2,"bm":0,"ix":1,"mn":"ADBE Vector Group","hd":false},{"ty":"gr","it":[{"ind":0,"ty":"sh","ix":1,"ks":{"a":1,"k":[{"i":{"x":0.833,"y":0.833},"o":{"x":0.167,"y":0.167},"t":45,"s":[{"i":[[5.377,0],[0,0],[0,5.377],[0,0],[-5.377,0],[0,0],[0,-5.377],[0,0]],"o":[[0,0],[-5.377,0],[0,0],[0,-5.377],[0,0],[5.377,0],[0,0],[0,5.377]],"v":[[0,9.735],[0,9.735],[-9.735,0],[-9.735,0],[0,-9.735],[0,-9.735],[9.735,0],[9.735,0]],"c":true}]},{"i":{"x":0.833,"y":0.833},"o":{"x":0.167,"y":0.167},"t":50,"s":[{"i":[[5.377,0],[0,0],[0,5.377],[0,0],[-5.377,0],[0,0],[0,-5.377],[0,0]],"o":[[0,0],[-5.377,0],[0,0],[0,-5.377],[0,0],[5.377,0],[0,0],[0,5.377]],"v":[[0,2.235],[0,2.235],[-9.735,0],[-9.735,0],[0,-9.735],[0,-9.735],[9.735,0],[9.735,0]],"c":true}]},{"i":{"x":0.833,"y":0.833},"o":{"x":0.167,"y":0.167},"t":81,"s":[{"i":[[5.377,0],[0,0],[0,5.377],[0,0],[-5.377,0],[0,0],[0,-5.377],[0,0]],"o":[[0,0],[-5.377,0],[0,0],[0,-5.377],[0,0],[5.377,0],[0,0],[0,5.377]],"v":[[0,2.235],[0,2.235],[-9.735,0],[-9.735,0],[0,-9.735],[0,-9.735],[9.735,0],[9.735,0]],"c":true}]},{"t":85,"s":[{"i":[[5.377,0],[0,0],[0,5.377],[0,0],[-5.377,0],[0,0],[0,-5.377],[0,0]],"o":[[0,0],[-5.377,0],[0,0],[0,-5.377],[0,0],[5.377,0],[0,0],[0,5.377]],"v":[[0,9.735],[0,9.735],[-9.735,0],[-9.735,0],[0,-9.735],[0,-9.735],[9.735,0],[9.735,0]],"c":true}]}],"ix":2},"nm":"Path 1","mn":"ADBE Vector Shape - Group","hd":false},{"ty":"fl","c":{"a":0,"k":[0.337254911661,0.235294118524,0,1],"ix":4},"o":{"a":0,"k":100,"ix":5},"r":1,"bm":0,"nm":"Fill 1","mn":"ADBE Vector Graphic - Fill","hd":false},{"ty":"tr","p":{"a":0,"k":[364.066,217.39],"ix":2},"a":{"a":0,"k":[0,0],"ix":1},"s":{"a":0,"k":[100,100],"ix":3},"r":{"a":0,"k":0,"ix":6},"o":{"a":0,"k":100,"ix":7},"sk":{"a":0,"k":0,"ix":4},"sa":{"a":0,"k":0,"ix":5},"nm":"Transform"}],"nm":"Group 2","np":2,"cix":2,"bm":0,"ix":2,"mn":"ADBE Vector Group","hd":false}],"ip":0,"op":180,"st":0,"bm":0},{"ddd":0,"ind":4,"ty":4,"nm":"Nose","parent":6,"sr":1,"ks":{"o":{"a":0,"k":100,"ix":11},"r":{"a":0,"k":0,"ix":10},"p":{"a":0,"k":[0,25.225,0],"ix":2},"a":{"a":0,"k":[0,0,0],"ix":1},"s":{"a":0,"k":[100,100,100],"ix":6}},"ao":0,"shapes":[{"ty":"gr","it":[{"ind":0,"ty":"sh","ix":1,"ks":{"a":0,"k":{"i":[[5.311,0],[0,0],[-0.512,5.286],[0,0],[-3.68,0],[0,0],[-0.355,-3.663],[0,0]],"o":[[0,0],[-5.311,0],[0,0],[0.355,-3.663],[0,0],[3.68,0],[0,0],[0.512,5.286]],"v":[[0,17.67],[0,17.67],[-8.954,7.808],[-7.113,-11.212],[0,-17.67],[0,-17.67],[7.113,-11.212],[8.954,7.808]],"c":true},"ix":2},"nm":"Path 1","mn":"ADBE Vector Shape - Group","hd":false},{"ty":"fl","c":{"a":0,"k":[0.956862747669,0.780392169952,0.65098041296,1],"ix":4},"o":{"a":0,"k":100,"ix":5},"r":1,"bm":0,"nm":"Fill 1","mn":"ADBE Vector Graphic - Fill","hd":false},{"ty":"tr","p":{"a":0,"k":[0,0],"ix":2},"a":{"a":0,"k":[0,0],"ix":1},"s":{"a":0,"k":[100,100],"ix":3},"r":{"a":0,"k":0,"ix":6},"o":{"a":0,"k":100,"ix":7},"sk":{"a":0,"k":0,"ix":4},"sa":{"a":0,"k":0,"ix":5},"nm":"Transform"}],"nm":"Group 1","np":2,"cix":2,"bm":0,"ix":1,"mn":"ADBE Vector Group","hd":false}],"ip":0,"op":180,"st":0,"bm":0},{"ddd":0,"ind":5,"ty":4,"nm":"Mounth","parent":6,"sr":1,"ks":{"o":{"a":0,"k":100,"ix":11},"r":{"a":0,"k":0,"ix":10},"p":{"a":0,"k":[0,68.422,0],"ix":2},"a":{"a":0,"k":[0,0,0],"ix":1},"s":{"a":1,"k":[{"i":{"x":[0.667,0.667,0.667],"y":[1,1,1]},"o":{"x":[0.333,0.333,0.333],"y":[0,0,0]},"t":45,"s":[75,75,100]},{"i":{"x":[0.667,0.667,0.667],"y":[1,1,1]},"o":{"x":[0.333,0.333,0.333],"y":[0,0,0]},"t":52,"s":[100,100,100]},{"i":{"x":[0.667,0.667,0.667],"y":[1,1,1]},"o":{"x":[0.333,0.333,0.333],"y":[0,0,0]},"t":81,"s":[100,100,100]},{"t":88,"s":[75,75,100]}],"ix":6}},"ao":0,"shapes":[{"ty":"gr","it":[{"ind":0,"ty":"sh","ix":1,"ks":{"a":0,"k":{"i":[[16.465,0],[0,0],[0,16.465],[0,0]],"o":[[0,0],[-16.465,0],[0,0],[0,16.465]],"v":[[0,14.906],[0,14.906],[-29.813,-14.906],[29.813,-14.906]],"c":true},"ix":2},"nm":"Path 1","mn":"ADBE Vector Shape - Group","hd":false},{"ty":"fl","c":{"a":0,"k":[1,1,1,1],"ix":4},"o":{"a":0,"k":100,"ix":5},"r":1,"bm":0,"nm":"Fill 1","mn":"ADBE Vector Graphic - Fill","hd":false},{"ty":"tr","p":{"a":0,"k":[0,0],"ix":2},"a":{"a":0,"k":[0,0],"ix":1},"s":{"a":0,"k":[100,100],"ix":3},"r":{"a":0,"k":0,"ix":6},"o":{"a":0,"k":100,"ix":7},"sk":{"a":0,"k":0,"ix":4},"sa":{"a":0,"k":0,"ix":5},"nm":"Transform"}],"nm":"Group 1","np":2,"cix":2,"bm":0,"ix":1,"mn":"ADBE Vector Group","hd":false}],"ip":0,"op":180,"st":0,"bm":0},{"ddd":0,"ind":6,"ty":4,"nm":"Head","parent":8,"sr":1,"ks":{"o":{"a":0,"k":100,"ix":11},"r":{"a":0,"k":0,"ix":10},"p":{"a":0,"k":[399.729,204.102,0],"ix":2},"a":{"a":0,"k":[0,0,0],"ix":1},"s":{"a":0,"k":[100,100,100],"ix":6}},"ao":0,"shapes":[{"ty":"gr","it":[{"ind":0,"ty":"sh","ix":1,"ks":{"a":0,"k":{"i":[[27.052,-19.44],[0,0],[24.388,17.525],[0,0],[0,33.312],[0,0],[-46.339,0],[0,0],[0,-46.339],[0,0]],"o":[[0,0],[-24.388,17.525],[0,0],[-27.052,-19.44],[0,0],[0,-46.339],[0,0],[46.339,0],[0,0],[0,33.312]],"v":[[40.814,97.341],[40.814,97.341],[-40.814,97.341],[-40.814,97.341],[-83.904,13.315],[-83.904,-26.582],[0,-110.486],[0,-110.486],[83.904,-26.582],[83.904,13.315]],"c":true},"ix":2},"nm":"Path 1","mn":"ADBE Vector Shape - Group","hd":false},{"ty":"fl","c":{"a":0,"k":[1,0.850980401039,0.733333349228,1],"ix":4},"o":{"a":0,"k":100,"ix":5},"r":1,"bm":0,"nm":"Fill 1","mn":"ADBE Vector Graphic - Fill","hd":false},{"ty":"tr","p":{"a":0,"k":[0,0],"ix":2},"a":{"a":0,"k":[0,0],"ix":1},"s":{"a":0,"k":[100,100],"ix":3},"r":{"a":0,"k":0,"ix":6},"o":{"a":0,"k":100,"ix":7},"sk":{"a":0,"k":0,"ix":4},"sa":{"a":0,"k":0,"ix":5},"nm":"Transform"}],"nm":"Group 1","np":2,"cix":2,"bm":0,"ix":1,"mn":"ADBE Vector Group","hd":false}],"ip":0,"op":180,"st":0,"bm":0},{"ddd":0,"ind":7,"ty":4,"nm":"Ears","parent":6,"sr":1,"ks":{"o":{"a":0,"k":100,"ix":11},"r":{"a":0,"k":0,"ix":10},"p":{"a":0,"k":[0.272,25.225,0],"ix":2},"a":{"a":0,"k":[400,229.327,0],"ix":1},"s":{"a":0,"k":[100,100,100],"ix":6}},"ao":0,"shapes":[{"ty":"gr","it":[{"ind":0,"ty":"sh","ix":1,"ks":{"a":0,"k":{"i":[[0,-8.991],[8.991,0],[0,8.991],[-8.991,0]],"o":[[0,8.991],[-8.991,0],[0,-8.991],[8.991,0]],"v":[[16.28,0],[0,16.28],[-16.28,0],[0,-16.28]],"c":true},"ix":2},"nm":"Path 1","mn":"ADBE Vector Shape - Group","hd":false},{"ty":"fl","c":{"a":0,"k":[0.964705884457,0.78823530674,0.654901981354,1],"ix":4},"o":{"a":0,"k":100,"ix":5},"r":1,"bm":0,"nm":"Fill 1","mn":"ADBE Vector Graphic - Fill","hd":false},{"ty":"tr","p":{"a":0,"k":[316.096,229.327],"ix":2},"a":{"a":0,"k":[0,0],"ix":1},"s":{"a":0,"k":[100,100],"ix":3},"r":{"a":0,"k":0,"ix":6},"o":{"a":0,"k":100,"ix":7},"sk":{"a":0,"k":0,"ix":4},"sa":{"a":0,"k":0,"ix":5},"nm":"Transform"}],"nm":"Group 1","np":2,"cix":2,"bm":0,"ix":1,"mn":"ADBE Vector Group","hd":false},{"ty":"gr","it":[{"ind":0,"ty":"sh","ix":1,"ks":{"a":0,"k":{"i":[[0,-8.991],[8.991,0],[0,8.991],[-8.991,0]],"o":[[0,8.991],[-8.991,0],[0,-8.991],[8.991,0]],"v":[[16.28,0],[0,16.28],[-16.28,0],[0,-16.28]],"c":true},"ix":2},"nm":"Path 1","mn":"ADBE Vector Shape - Group","hd":false},{"ty":"fl","c":{"a":0,"k":[0.964705884457,0.78823530674,0.654901981354,1],"ix":4},"o":{"a":0,"k":100,"ix":5},"r":1,"bm":0,"nm":"Fill 1","mn":"ADBE Vector Graphic - Fill","hd":false},{"ty":"tr","p":{"a":0,"k":[483.904,229.327],"ix":2},"a":{"a":0,"k":[0,0],"ix":1},"s":{"a":0,"k":[100,100],"ix":3},"r":{"a":0,"k":0,"ix":6},"o":{"a":0,"k":100,"ix":7},"sk":{"a":0,"k":0,"ix":4},"sa":{"a":0,"k":0,"ix":5},"nm":"Transform"}],"nm":"Group 2","np":2,"cix":2,"bm":0,"ix":2,"mn":"ADBE Vector Group","hd":false}],"ip":0,"op":180,"st":0,"bm":0},{"ddd":0,"ind":8,"ty":4,"nm":"Neck","sr":1,"ks":{"o":{"a":0,"k":100,"ix":11},"r":{"a":1,"k":[{"i":{"x":[0],"y":[1]},"o":{"x":[0.305],"y":[0]},"t":49,"s":[0]},{"i":{"x":[0.667],"y":[1]},"o":{"x":[0.333],"y":[0]},"t":57,"s":[10]},{"i":{"x":[0.616],"y":[1]},"o":{"x":[0.861],"y":[0]},"t":84,"s":[10]},{"i":{"x":[0.67],"y":[1]},"o":{"x":[0.775],"y":[0]},"t":92,"s":[-3]},{"i":{"x":[0.721],"y":[1]},"o":{"x":[1],"y":[0]},"t":96,"s":[1]},{"t":99,"s":[0]}],"ix":10},"p":{"a":0,"k":[399.729,357.838,0],"ix":2},"a":{"a":0,"k":[399.729,357.838,0],"ix":1},"s":{"a":0,"k":[100,100,100],"ix":6}},"ao":0,"hasMask":true,"masksProperties":[{"inv":false,"mode":"a","pt":{"a":1,"k":[{"i":{"x":0.667,"y":1},"o":{"x":0.333,"y":0},"t":48,"s":[{"i":[[19.123,0],[0,-76.759],[-19.123,0],[0,21.953]],"o":[[-19.123,0],[0,21.953],[19.123,0],[0,-83.576]],"v":[[399.468,261],[365,351.696],[399.625,389.196],[434.25,351.696]],"c":true}]},{"i":{"x":0.667,"y":1},"o":{"x":0.333,"y":0},"t":54,"s":[{"i":[[19.123,0],[0,-76.759],[-19.123,0],[0,21.953]],"o":[[-19.123,0],[0,21.953],[19.123,0],[0,-83.576]],"v":[[399.366,254.482],[364.899,345.178],[399.524,382.678],[434.149,345.178]],"c":true}]},{"i":{"x":0.667,"y":1},"o":{"x":0.333,"y":0},"t":87,"s":[{"i":[[19.123,0],[0,-76.759],[-19.123,0],[0,21.953]],"o":[[-19.123,0],[0,21.953],[19.123,0],[0,-83.576]],"v":[[399.366,254.482],[364.899,345.178],[399.524,382.678],[434.149,345.178]],"c":true}]},{"t":94,"s":[{"i":[[19.123,0],[0,-76.759],[-19.123,0],[0,21.953]],"o":[[-19.123,0],[0,21.953],[19.123,0],[0,-83.576]],"v":[[399.468,261],[365,351.696],[399.625,389.196],[434.25,351.696]],"c":true}]}],"ix":1},"o":{"a":0,"k":100,"ix":3},"x":{"a":0,"k":0,"ix":4},"nm":"Mask 1"}],"shapes":[{"ty":"gr","it":[{"ind":0,"ty":"sh","ix":1,"ks":{"a":1,"k":[{"i":{"x":0.667,"y":1},"o":{"x":0.333,"y":0},"t":49,"s":[{"i":[[0,-9.366],[0,0],[19.704,12.955],[0,0],[-18.718,0],[-6.13,-6.143]],"o":[[0,0],[-24.924,-1.593],[0,0],[0,-18.718],[9.365,0],[6.13,6.13]],"v":[[33.898,-29.108],[34,63.005],[-33.795,40.356],[-33.898,-29.108],[0,-63.005],[23.976,-53.071]],"c":true}]},{"i":{"x":0.667,"y":1},"o":{"x":0.333,"y":0},"t":55,"s":[{"i":[[0,-9.366],[0,0],[19.704,12.955],[0,0],[-18.718,0],[-6.13,-6.143]],"o":[[0,0],[-24.924,-1.593],[0,0],[0,-18.718],[9.365,0],[6.13,6.13]],"v":[[33.898,-29.108],[34.148,56.464],[-33.648,33.815],[-33.898,-29.108],[0,-63.005],[23.976,-53.071]],"c":true}]},{"i":{"x":0.667,"y":1},"o":{"x":0.333,"y":0},"t":87,"s":[{"i":[[0,-9.366],[0,0],[19.704,12.955],[0,0],[-18.718,0],[-6.13,-6.143]],"o":[[0,0],[-24.924,-1.593],[0,0],[0,-18.718],[9.365,0],[6.13,6.13]],"v":[[33.898,-29.108],[34.147,56.464],[-33.648,33.815],[-33.898,-29.108],[0,-63.005],[23.976,-53.071]],"c":true}]},{"t":94,"s":[{"i":[[0,-9.366],[0,0],[19.704,12.955],[0,0],[-18.718,0],[-6.13,-6.143]],"o":[[0,0],[-24.924,-1.593],[0,0],[0,-18.718],[9.365,0],[6.13,6.13]],"v":[[33.898,-29.108],[34,63.005],[-33.795,40.356],[-33.898,-29.108],[0,-63.005],[23.976,-53.071]],"c":true}]}],"ix":2},"nm":"Path 1","mn":"ADBE Vector Shape - Group","hd":false},{"ty":"fl","c":{"a":0,"k":[0.956862747669,0.780392169952,0.65098041296,1],"ix":4},"o":{"a":0,"k":100,"ix":5},"r":1,"bm":0,"nm":"Fill 1","mn":"ADBE Vector Graphic - Fill","hd":false},{"ty":"tr","p":{"a":0,"k":[399.729,271.05],"ix":2},"a":{"a":0,"k":[0,0],"ix":1},"s":{"a":0,"k":[100,100],"ix":3},"r":{"a":0,"k":0,"ix":6},"o":{"a":0,"k":100,"ix":7},"sk":{"a":0,"k":0,"ix":4},"sa":{"a":0,"k":0,"ix":5},"nm":"Transform"}],"nm":"Group 1","np":2,"cix":2,"bm":0,"ix":1,"mn":"ADBE Vector Group","hd":false},{"ty":"gr","it":[{"ind":0,"ty":"sh","ix":1,"ks":{"a":0,"k":{"i":[[18.723,0],[0,0],[0,18.723],[0,0],[-18.723,0],[0,0],[0,-18.723],[0,0]],"o":[[0,0],[-18.723,0],[0,0],[0,-18.723],[0,0],[18.723,0],[0,0],[0,18.723]],"v":[[0,90.792],[0,90.792],[-33.9,56.891],[-33.9,-56.891],[0,-90.792],[0,-90.792],[33.9,-56.891],[33.9,56.891]],"c":true},"ix":2},"nm":"Path 1","mn":"ADBE Vector Shape - Group","hd":false},{"ty":"fl","c":{"a":0,"k":[1,0.850980401039,0.733333349228,1],"ix":4},"o":{"a":0,"k":100,"ix":5},"r":1,"bm":0,"nm":"Fill 1","mn":"ADBE Vector Graphic - Fill","hd":false},{"ty":"tr","p":{"a":0,"k":[399.729,298.84],"ix":2},"a":{"a":0,"k":[0,0],"ix":1},"s":{"a":0,"k":[100,100],"ix":3},"r":{"a":0,"k":0,"ix":6},"o":{"a":0,"k":100,"ix":7},"sk":{"a":0,"k":0,"ix":4},"sa":{"a":0,"k":0,"ix":5},"nm":"Transform"}],"nm":"Group 2","np":2,"cix":2,"bm":0,"ix":2,"mn":"ADBE Vector Group","hd":false}],"ip":0,"op":180,"st":0,"bm":0},{"ddd":0,"ind":9,"ty":4,"nm":"Body","sr":1,"ks":{"o":{"a":0,"k":100,"ix":11},"r":{"a":0,"k":0,"ix":10},"p":{"a":0,"k":[400.005,531.17,0],"ix":2},"a":{"a":0,"k":[400.005,531.17,0],"ix":1},"s":{"a":1,"k":[{"i":{"x":[0.667,0.667,0.667],"y":[1,1,1]},"o":{"x":[0.333,0.333,0.333],"y":[0,0,0]},"t":48,"s":[100,100,100]},{"i":{"x":[0.667,0.667,0.667],"y":[1,1,1]},"o":{"x":[0.333,0.333,0.333],"y":[0,0,0]},"t":54,"s":[100,106,100]},{"i":{"x":[0.667,0.667,0.667],"y":[1,1,1]},"o":{"x":[0.333,0.333,0.333],"y":[0,0,0]},"t":87,"s":[100,106,100]},{"t":94,"s":[100,100,100]}],"ix":6}},"ao":0,"shapes":[{"ty":"gr","it":[{"ind":0,"ty":"sh","ix":1,"ks":{"a":0,"k":{"i":[[0,-0.83],[0,0],[1.01,-0.63],[0,0],[-0.83,0]],"o":[[0,0],[-0.99,0.65],[0,0],[0,-0.83],[0.83,0]],"v":[[1.5,-14.33],[1.5,13.92],[-1.5,15.83],[-1.5,-14.33],[0,-15.83]],"c":true},"ix":2},"nm":"Path 1","mn":"ADBE Vector Shape - Group","hd":false},{"ty":"fl","c":{"a":0,"k":[0.003921568859,0.243137255311,0.439215689898,1],"ix":4},"o":{"a":0,"k":100,"ix":5},"r":1,"bm":0,"nm":"Fill 1","mn":"ADBE Vector Graphic - Fill","hd":false},{"ty":"tr","p":{"a":0,"k":[508.66,484.769],"ix":2},"a":{"a":0,"k":[0,0],"ix":1},"s":{"a":0,"k":[100,100],"ix":3},"r":{"a":0,"k":0,"ix":6},"o":{"a":0,"k":100,"ix":7},"sk":{"a":0,"k":0,"ix":4},"sa":{"a":0,"k":0,"ix":5},"nm":"Transform"}],"nm":"Group 1","np":2,"cix":2,"bm":0,"ix":1,"mn":"ADBE Vector Group","hd":false},{"ty":"gr","it":[{"ind":0,"ty":"sh","ix":1,"ks":{"a":0,"k":{"i":[[0,-0.83],[0,0],[0.99,0.65],[0,0],[-0.83,0]],"o":[[0,0],[-1.01,-0.63],[0,0],[0,-0.83],[0.83,0]],"v":[[1.5,-14.33],[1.5,15.83],[-1.5,13.92],[-1.5,-14.33],[0,-15.83]],"c":true},"ix":2},"nm":"Path 1","mn":"ADBE Vector Shape - Group","hd":false},{"ty":"fl","c":{"a":0,"k":[0.003921568859,0.243137255311,0.439215689898,1],"ix":4},"o":{"a":0,"k":100,"ix":5},"r":1,"bm":0,"nm":"Fill 1","mn":"ADBE Vector Graphic - Fill","hd":false},{"ty":"tr","p":{"a":0,"k":[291.34,484.769],"ix":2},"a":{"a":0,"k":[0,0],"ix":1},"s":{"a":0,"k":[100,100],"ix":3},"r":{"a":0,"k":0,"ix":6},"o":{"a":0,"k":100,"ix":7},"sk":{"a":0,"k":0,"ix":4},"sa":{"a":0,"k":0,"ix":5},"nm":"Transform"}],"nm":"Group 2","np":2,"cix":2,"bm":0,"ix":2,"mn":"ADBE Vector Group","hd":false},{"ty":"gr","it":[{"ind":0,"ty":"sh","ix":1,"ks":{"a":0,"k":{"i":[[0,-3.13],[25.42,0],[0,25.42],[-0.63,3.08],[-0.03,0.06],[-1.02,0.32],[0.16,-0.81],[0,-2.89],[-23.22,0],[0,23.22],[0.57,2.77],[-0.82,0.37],[0,0],[-0.04,-0.19]],"o":[[0,25.42],[-25.42,0],[0,-3.16],[0.01,-0.07],[1.01,-0.36],[0.64,0.43],[-0.58,2.8],[0,23.22],[23.22,0],[0,-2.86],[-0.19,-0.92],[0,0],[0.09,0.16],[0.62,3.04]],"v":[[46.105,-17.705],[0.005,28.395],[-46.105,-17.705],[-45.145,-27.105],[-45.085,-27.305],[-42.045,-28.325],[-41.225,-26.285],[-42.105,-17.705],[0.005,24.395],[42.105,-17.705],[41.255,-26.195],[42.365,-28.395],[44.985,-27.525],[45.175,-26.995]],"c":true},"ix":2},"nm":"Path 1","mn":"ADBE Vector Shape - Group","hd":false},{"ty":"fl","c":{"a":0,"k":[0.003921568859,0.243137255311,0.439215689898,1],"ix":4},"o":{"a":0,"k":100,"ix":5},"r":1,"bm":0,"nm":"Fill 1","mn":"ADBE Vector Graphic - Fill","hd":false},{"ty":"tr","p":{"a":0,"k":[399.725,376.565],"ix":2},"a":{"a":0,"k":[0,0],"ix":1},"s":{"a":0,"k":[100,100],"ix":3},"r":{"a":0,"k":0,"ix":6},"o":{"a":0,"k":100,"ix":7},"sk":{"a":0,"k":0,"ix":4},"sa":{"a":0,"k":0,"ix":5},"nm":"Transform"}],"nm":"Group 3","np":2,"cix":2,"bm":0,"ix":3,"mn":"ADBE Vector Group","hd":false},{"ty":"gr","it":[{"ind":0,"ty":"sh","ix":1,"ks":{"a":1,"k":[{"i":{"x":0.667,"y":1},"o":{"x":0.333,"y":0},"t":49,"s":[{"i":[[-12,-52.19],[65.72,0],[37.09,48.43],[-53.84,7.3],[-2.25,0.79],[-1.02,0.32],[-5.26,1.05],[-9.2,0],[-13.26,-4.29],[0,0],[-2.41,-0.99]],"o":[[-37.09,48.44],[-65.72,0],[11.99,-52.2],[2.19,-0.9],[1.01,-0.36],[5.02,-1.64],[8.7,-1.73],[14.69,0],[0,0],[2.48,0.84],[53.83,7.3]],"v":[[161.235,15.12],[-0.005,94.8],[-161.235,15.13],[-52.025,-84.58],[-45.365,-87.11],[-42.325,-88.13],[-26.905,-92.16],[-0.005,-94.8],[42.085,-88.2],[44.705,-87.33],[52.025,-84.58]],"c":true}]},{"i":{"x":0.667,"y":1},"o":{"x":0.333,"y":0},"t":55,"s":[{"i":[[-12,-52.19],[65.72,0],[37.09,48.43],[-53.84,7.3],[-2.25,0.79],[-1.02,0.32],[-5.26,1.05],[-9.2,0],[-13.26,-4.29],[0,0],[-2.41,-0.99]],"o":[[-37.09,48.44],[-65.72,0],[11.99,-52.2],[2.19,-0.9],[1.01,-0.36],[5.02,-1.64],[8.7,-1.73],[14.69,0],[0,0],[2.48,0.84],[53.83,7.3]],"v":[[161.25,18.422],[-0.005,94.8],[-161.22,18.432],[-52.025,-84.58],[-45.365,-87.11],[-42.325,-88.13],[-26.905,-92.16],[-0.005,-94.8],[42.085,-88.2],[44.705,-87.33],[52.025,-84.58]],"c":true}]},{"i":{"x":0.667,"y":1},"o":{"x":0.333,"y":0},"t":89,"s":[{"i":[[-12,-52.19],[65.72,0],[37.09,48.43],[-53.84,7.3],[-2.25,0.79],[-1.02,0.32],[-5.26,1.05],[-9.2,0],[-13.26,-4.29],[0,0],[-2.41,-0.99]],"o":[[-37.09,48.44],[-65.72,0],[11.99,-52.2],[2.19,-0.9],[1.01,-0.36],[5.02,-1.64],[8.7,-1.73],[14.69,0],[0,0],[2.48,0.84],[53.83,7.3]],"v":[[161.25,18.422],[-0.005,94.8],[-161.22,18.432],[-52.025,-84.58],[-45.365,-87.11],[-42.325,-88.13],[-26.905,-92.16],[-0.005,-94.8],[42.085,-88.2],[44.705,-87.33],[52.025,-84.58]],"c":true}]},{"t":95,"s":[{"i":[[-12,-52.19],[65.72,0],[37.09,48.43],[-53.84,7.3],[-2.25,0.79],[-1.02,0.32],[-5.26,1.05],[-9.2,0],[-13.26,-4.29],[0,0],[-2.41,-0.99]],"o":[[-37.09,48.44],[-65.72,0],[11.99,-52.2],[2.19,-0.9],[1.01,-0.36],[5.02,-1.64],[8.7,-1.73],[14.69,0],[0,0],[2.48,0.84],[53.83,7.3]],"v":[[161.235,15.12],[-0.005,94.8],[-161.235,15.13],[-52.025,-84.58],[-45.365,-87.11],[-42.325,-88.13],[-26.905,-92.16],[-0.005,-94.8],[42.085,-88.2],[44.705,-87.33],[52.025,-84.58]],"c":true}]}],"ix":2},"nm":"Path 1","mn":"ADBE Vector Shape - Group","hd":false},{"ty":"fl","c":{"a":0,"k":[0,0.337254911661,0.658823549747,1],"ix":4},"o":{"a":0,"k":100,"ix":5},"r":1,"bm":0,"nm":"Fill 1","mn":"ADBE Vector Graphic - Fill","hd":false},{"ty":"tr","p":{"a":0,"k":[400.005,436.37],"ix":2},"a":{"a":0,"k":[0,0],"ix":1},"s":{"a":0,"k":[100,100],"ix":3},"r":{"a":0,"k":0,"ix":6},"o":{"a":0,"k":100,"ix":7},"sk":{"a":0,"k":0,"ix":4},"sa":{"a":0,"k":0,"ix":5},"nm":"Transform"}],"nm":"Group 4","np":2,"cix":2,"bm":0,"ix":4,"mn":"ADBE Vector Group","hd":false}],"ip":0,"op":180,"st":0,"bm":0},{"ddd":0,"ind":10,"ty":4,"nm":"BG","sr":1,"ks":{"o":{"a":0,"k":25,"ix":11},"r":{"a":0,"k":0,"ix":10},"p":{"a":0,"k":[400,328.209,0],"ix":2},"a":{"a":0,"k":[0,0,0],"ix":1},"s":{"a":0,"k":[100,100,100],"ix":6}},"ao":0,"shapes":[{"ty":"gr","it":[{"ind":0,"ty":"sh","ix":1,"ks":{"a":0,"k":{"i":[[0,-112.09],[55.85,-36.15],[1.01,-0.63],[39.34,0],[31.1,19.38],[0.99,0.65],[0,71.48],[-112.09,0]],"o":[[0,71.48],[-0.99,0.65],[-31.1,19.38],[-39.34,0],[-1.01,-0.63],[-55.85,-36.15],[0,-112.09],[112.09,0]],"v":[[202.96,0],[110.16,170.48],[107.16,172.39],[0,202.96],[-107.16,172.39],[-110.16,170.48],[-202.96,0],[0,-202.96]],"c":true},"ix":2},"nm":"Path 1","mn":"ADBE Vector Shape - Group","hd":false},{"ty":"fl","c":{"a":0,"k":[0.486274510622,0.435294121504,0.40000000596,1],"ix":4},"o":{"a":0,"k":100,"ix":5},"r":1,"bm":0,"nm":"Fill 1","mn":"ADBE Vector Graphic - Fill","hd":false},{"ty":"tr","p":{"a":0,"k":[0,0],"ix":2},"a":{"a":0,"k":[0,0],"ix":1},"s":{"a":0,"k":[100,100],"ix":3},"r":{"a":0,"k":0,"ix":6},"o":{"a":0,"k":100,"ix":7},"sk":{"a":0,"k":0,"ix":4},"sa":{"a":0,"k":0,"ix":5},"nm":"Transform"}],"nm":"Group 1","np":2,"cix":2,"bm":0,"ix":1,"mn":"ADBE Vector Group","hd":false}],"ip":0,"op":180,"st":0,"bm":0}],"markers":[]}